-- ============================================================
-- 考勤工资系统 Seed Data  (generated from 1.xlsx)
-- Generated: 2026-05-03T16:52:50.055Z
-- ============================================================

CREATE SCHEMA IF NOT EXISTS clockin;
SET search_path TO clockin;

CREATE TABLE IF NOT EXISTS work_status_types (
  id SERIAL PRIMARY KEY,
  label TEXT NOT NULL,
  is_paid BOOLEAN NOT NULL DEFAULT false,
  is_default BOOLEAN NOT NULL DEFAULT false
);
INSERT INTO work_status_types (label, is_paid, is_default) VALUES
  ('正常上班', true,  true),
  ('请假',     false, true),
  ('放假',     true,  true),
  ('病假',     false, true),
  ('旷工',     false, true),
  ('台风',     true,  false),
  ('休息',     true,  false)
;

CREATE TABLE IF NOT EXISTS positions (
  id SERIAL PRIMARY KEY,
  name TEXT NOT NULL,
  default_hourly_rate NUMERIC(10,2),
  created_at TIMESTAMPTZ DEFAULT NOW()
);
INSERT INTO positions (id, name, default_hourly_rate) VALUES
  (1, '组长', 25.50),
  (2, '工人', 18.00)
;

CREATE TABLE IF NOT EXISTS employees (
  id SERIAL PRIMARY KEY,
  name TEXT NOT NULL,
  gender TEXT DEFAULT 'unknown',
  phone TEXT,
  id_card TEXT,
  position_id INTEGER REFERENCES positions(id),
  status TEXT DEFAULT 'active',
  hire_date DATE NOT NULL,
  leave_date DATE,
  current_hourly_rate NUMERIC(10,2),
  notes TEXT,
  created_at TIMESTAMPTZ DEFAULT NOW()
);
INSERT INTO employees (id, name, gender, phone, id_card, position_id, status, hire_date, leave_date, current_hourly_rate, notes) VALUES
  (1, '叶添娣', 'female', NULL, NULL, 2, 'inactive', '2024-02-01', '2024-03-01', 12.5, NULL),
  (2, '廖金菊', 'female', NULL, NULL, 2, 'inactive', '2024-02-01', '2024-03-01', 12.5, NULL),
  (3, '张春容', 'female', NULL, NULL, 2, 'inactive', '2024-02-01', '2024-03-01', 13, NULL),
  (4, '张群英', 'female', NULL, NULL, 2, 'inactive', '2024-02-01', '2024-03-01', 13.5, NULL),
  (5, '曾金娣', 'female', NULL, NULL, 1, 'active', '2023-04-01', NULL, 25.5, NULL),
  (6, '李杏梅', 'female', NULL, NULL, 2, 'inactive', '2024-02-01', '2024-03-01', 12.5, NULL),
  (7, '欧阳满英', 'female', NULL, NULL, 2, 'inactive', '2024-02-01', '2024-03-01', 13, NULL),
  (8, '谢明清', 'female', NULL, NULL, 2, 'active', '2024-07-01', NULL, 19, NULL),
  (9, '镜', 'female', NULL, NULL, 2, 'inactive', '2025-09-01', '2025-11-01', 18, NULL),
  (10, '陈继容', 'female', NULL, NULL, 2, 'active', '2023-04-01', NULL, 18, NULL),
  (11, '黎彩群', 'female', NULL, NULL, 2, 'active', '2023-04-01', NULL, 18, NULL)
;

CREATE TABLE IF NOT EXISTS hourly_rate_history (
  id SERIAL PRIMARY KEY,
  employee_id INTEGER REFERENCES employees(id),
  rate NUMERIC(10,2) NOT NULL,
  effective_date DATE NOT NULL,
  notes TEXT,
  created_at TIMESTAMPTZ DEFAULT NOW()
);
INSERT INTO hourly_rate_history (employee_id, rate, effective_date, notes) VALUES
  (1, 12.5, '2024-02-01', NULL),
  (2, 12.5, '2024-02-01', NULL),
  (3, 13, '2024-02-01', NULL),
  (4, 13.5, '2024-02-01', NULL),
  (5, 23.5, '2023-04-01', NULL),
  (5, 24.5, '2025-02-01', NULL),
  (5, 25.5, '2026-03-01', NULL),
  (6, 12.5, '2024-02-01', NULL),
  (7, 13, '2024-02-01', NULL),
  (8, 17, '2024-07-01', NULL),
  (8, 18, '2025-02-01', NULL),
  (8, 19, '2026-03-01', NULL),
  (9, 18, '2025-09-01', NULL),
  (10, 16, '2023-04-01', NULL),
  (10, 17, '2025-02-01', NULL),
  (10, 18, '2026-03-01', NULL),
  (11, 16, '2023-04-01', NULL),
  (11, 17, '2025-02-01', NULL),
  (11, 18, '2026-03-01', NULL)
;

CREATE TABLE IF NOT EXISTS attendance_records (
  id SERIAL PRIMARY KEY,
  employee_id INTEGER REFERENCES employees(id),
  work_date DATE NOT NULL,
  hours NUMERIC(5,1),
  status TEXT DEFAULT 'worked',
  status_label TEXT,
  note TEXT,
  created_at TIMESTAMPTZ DEFAULT NOW(),
  updated_at TIMESTAMPTZ DEFAULT NOW()
);
INSERT INTO attendance_records (employee_id, work_date, hours, status, status_label) VALUES
  (1, '2024-02-24', 8.5, 'worked', NULL),
  (1, '2024-02-25', 8.5, 'worked', NULL),
  (1, '2024-02-26', 8.5, 'worked', NULL),
  (1, '2024-02-27', 4, 'worked', NULL),
  (1, '2024-02-28', NULL, 'leave', NULL),
  (1, '2024-02-29', 8.5, 'worked', NULL),
  (2, '2024-02-24', 9, 'worked', NULL),
  (2, '2024-02-25', 9, 'worked', NULL),
  (2, '2024-02-26', 9, 'worked', NULL),
  (2, '2024-02-27', 8.5, 'worked', NULL),
  (2, '2024-02-28', 9, 'worked', NULL),
  (2, '2024-02-29', 9.5, 'worked', NULL),
  (3, '2024-02-21', 7, 'worked', NULL),
  (3, '2024-02-22', 5, 'worked', NULL),
  (3, '2024-02-23', 4.5, 'worked', NULL),
  (3, '2024-02-24', 8.5, 'worked', NULL),
  (3, '2024-02-25', 9, 'worked', NULL),
  (3, '2024-02-26', 8.5, 'worked', NULL),
  (3, '2024-02-27', 8.5, 'worked', NULL),
  (3, '2024-02-28', 9, 'worked', NULL),
  (3, '2024-02-29', 8, 'worked', NULL),
  (4, '2024-02-21', 5, 'worked', NULL),
  (4, '2024-02-22', 5, 'worked', NULL),
  (4, '2024-02-23', 5, 'worked', NULL),
  (4, '2024-02-24', 9.5, 'worked', NULL),
  (4, '2024-02-25', 9, 'worked', NULL),
  (4, '2024-02-26', 9, 'worked', NULL),
  (4, '2024-02-27', 9, 'worked', NULL),
  (4, '2024-02-28', 9, 'worked', NULL),
  (4, '2024-02-29', 9, 'worked', NULL),
  (5, '2024-01-02', 9, 'worked', NULL),
  (5, '2024-01-03', 9, 'worked', NULL),
  (5, '2024-01-04', 9, 'worked', NULL),
  (5, '2024-01-05', 9, 'worked', NULL),
  (5, '2024-01-06', 9, 'worked', NULL),
  (5, '2024-01-08', 9, 'worked', NULL),
  (5, '2024-01-09', 9, 'worked', NULL),
  (5, '2024-01-10', 9, 'worked', NULL),
  (5, '2024-01-11', 9, 'worked', NULL),
  (5, '2024-01-12', 9, 'worked', NULL),
  (5, '2024-01-13', 9, 'worked', NULL),
  (5, '2024-01-15', 9, 'worked', NULL),
  (5, '2024-01-16', 9, 'worked', NULL),
  (5, '2024-01-17', 9, 'worked', NULL),
  (5, '2024-01-18', 9, 'worked', NULL),
  (5, '2024-01-19', 9, 'worked', NULL),
  (5, '2024-01-20', 9, 'worked', NULL),
  (5, '2024-01-22', 8, 'worked', NULL),
  (5, '2024-01-23', 9, 'worked', NULL),
  (5, '2024-01-24', 9, 'worked', NULL),
  (5, '2024-01-25', 9, 'worked', NULL),
  (5, '2024-01-26', NULL, 'holiday', NULL),
  (5, '2024-03-04', 9, 'worked', NULL),
  (5, '2024-03-05', 9, 'worked', NULL),
  (5, '2024-03-06', 9, 'worked', NULL),
  (5, '2024-03-07', 9, 'worked', NULL),
  (5, '2024-03-08', 7.5, 'worked', NULL),
  (5, '2024-03-09', 9, 'worked', NULL),
  (5, '2024-03-10', 7.5, 'worked', NULL),
  (5, '2024-03-11', 9, 'worked', NULL),
  (5, '2024-03-12', 9, 'worked', NULL),
  (5, '2024-03-13', 9, 'worked', NULL),
  (5, '2024-03-14', 9, 'worked', NULL),
  (5, '2024-03-15', 9, 'worked', NULL),
  (5, '2024-03-16', 9, 'worked', NULL),
  (5, '2024-03-17', 7.5, 'worked', NULL),
  (5, '2024-03-18', 9.5, 'worked', NULL),
  (5, '2024-03-19', 9, 'worked', NULL),
  (5, '2024-03-20', 9, 'worked', NULL),
  (5, '2024-03-21', 9, 'worked', NULL),
  (5, '2024-03-22', 9, 'worked', NULL),
  (5, '2024-03-23', 9, 'worked', NULL),
  (5, '2024-03-24', 9, 'worked', NULL),
  (5, '2024-03-25', 9, 'worked', NULL),
  (5, '2024-03-26', 9, 'worked', NULL),
  (5, '2024-03-27', 9, 'worked', NULL),
  (5, '2024-03-28', 9, 'worked', NULL),
  (5, '2024-03-29', 9, 'worked', NULL),
  (5, '2024-03-30', 9, 'worked', NULL),
  (5, '2024-03-31', 9, 'worked', NULL),
  (5, '2024-06-01', 9, 'worked', NULL),
  (5, '2024-06-02', 8, 'worked', NULL),
  (5, '2024-06-03', 9, 'worked', NULL),
  (5, '2024-06-04', 9, 'worked', NULL),
  (5, '2024-06-05', 9, 'worked', NULL),
  (5, '2024-06-06', 9, 'worked', NULL),
  (5, '2024-06-07', 9, 'worked', NULL),
  (5, '2024-06-08', 9, 'worked', NULL),
  (5, '2024-06-09', 8.5, 'worked', NULL),
  (5, '2024-06-10', NULL, 'holiday', '休息'),
  (5, '2024-06-11', 9, 'worked', NULL),
  (5, '2024-06-12', 9, 'worked', NULL),
  (5, '2024-06-13', 9, 'worked', NULL),
  (5, '2024-06-14', 7.5, 'worked', NULL),
  (5, '2024-06-15', 9, 'worked', NULL),
  (5, '2024-06-16', 3.5, 'worked', NULL),
  (5, '2024-06-17', 9, 'worked', NULL),
  (5, '2024-06-18', 9, 'worked', NULL),
  (5, '2024-06-19', 9, 'worked', NULL),
  (5, '2024-06-20', 9, 'worked', NULL),
  (5, '2024-06-21', 9, 'worked', NULL),
  (5, '2024-06-22', 9, 'worked', NULL),
  (5, '2024-06-23', 8.5, 'worked', NULL),
  (5, '2024-06-24', 9, 'worked', NULL),
  (5, '2024-06-25', 9, 'worked', NULL),
  (5, '2024-06-26', 9, 'worked', NULL),
  (5, '2024-06-27', 9, 'worked', NULL),
  (5, '2024-06-28', 9, 'worked', NULL),
  (5, '2024-06-29', 9, 'worked', NULL),
  (5, '2024-06-30', 8, 'worked', NULL),
  (5, '2024-07-01', 9, 'worked', NULL),
  (5, '2024-07-02', 9, 'worked', NULL),
  (5, '2024-07-03', 9, 'worked', NULL),
  (5, '2024-07-04', 9, 'worked', NULL),
  (5, '2024-07-05', 9, 'worked', NULL),
  (5, '2024-07-06', 9, 'worked', NULL),
  (5, '2024-07-07', 9, 'worked', NULL),
  (5, '2024-07-08', 9, 'worked', NULL),
  (5, '2024-07-09', 9, 'worked', NULL),
  (5, '2024-07-10', 9, 'worked', NULL),
  (5, '2024-07-11', 8.5, 'worked', NULL),
  (5, '2024-07-12', NULL, 'leave', NULL),
  (5, '2024-07-13', NULL, 'leave', NULL),
  (5, '2024-07-14', NULL, 'leave', NULL),
  (5, '2024-07-15', NULL, 'leave', NULL),
  (5, '2024-07-16', 9, 'worked', NULL),
  (5, '2024-07-17', 9, 'worked', NULL),
  (5, '2024-07-18', 9, 'worked', NULL),
  (5, '2024-07-19', 9, 'worked', NULL),
  (5, '2024-07-20', 9, 'worked', NULL),
  (5, '2024-07-21', 9, 'worked', NULL),
  (5, '2024-07-22', 9, 'worked', NULL),
  (5, '2024-07-23', 9, 'worked', NULL),
  (5, '2024-07-24', 9, 'worked', NULL),
  (5, '2024-07-25', 9, 'worked', NULL),
  (5, '2024-07-26', 9, 'worked', NULL),
  (5, '2024-07-27', 9, 'worked', NULL),
  (5, '2024-07-28', 9, 'worked', NULL),
  (5, '2024-07-29', 9, 'worked', NULL),
  (5, '2024-07-30', 9, 'worked', NULL),
  (5, '2024-07-31', 9, 'worked', NULL),
  (5, '2023-04-01', 8, 'worked', NULL),
  (5, '2023-04-02', 8, 'worked', NULL),
  (5, '2023-04-03', 8, 'worked', NULL),
  (5, '2023-04-04', 8, 'worked', NULL),
  (5, '2023-04-05', 8, 'worked', NULL),
  (5, '2023-04-07', 8, 'worked', NULL),
  (5, '2023-04-08', 8, 'worked', NULL),
  (5, '2023-04-09', 8, 'worked', NULL),
  (5, '2023-04-10', 8, 'worked', NULL),
  (5, '2023-04-11', 8, 'worked', NULL),
  (5, '2023-04-12', 8, 'worked', NULL),
  (5, '2023-04-14', 8, 'worked', NULL),
  (5, '2023-04-15', 8, 'worked', NULL),
  (5, '2023-04-16', 8, 'worked', NULL),
  (5, '2023-04-17', 8, 'worked', NULL),
  (5, '2023-04-18', 8, 'worked', NULL),
  (5, '2023-04-19', 8, 'worked', NULL),
  (5, '2023-04-20', 8, 'worked', NULL),
  (5, '2023-04-22', 8, 'worked', NULL),
  (5, '2023-04-23', 8, 'worked', NULL),
  (5, '2023-04-24', 8, 'worked', NULL),
  (5, '2023-04-25', 8, 'worked', NULL),
  (5, '2023-04-26', 8, 'worked', NULL),
  (5, '2023-04-27', 8, 'worked', NULL),
  (5, '2023-04-29', 8, 'worked', NULL),
  (5, '2023-04-30', 8, 'worked', NULL),
  (5, '2024-04-01', 9, 'worked', NULL),
  (5, '2024-04-02', 9, 'worked', NULL),
  (5, '2024-04-03', 9, 'worked', NULL),
  (5, '2024-04-04', NULL, 'holiday', '清明'),
  (5, '2024-04-05', 9, 'worked', NULL),
  (5, '2024-04-06', 8.5, 'worked', NULL),
  (5, '2024-04-07', 9, 'worked', NULL),
  (5, '2024-04-08', 9, 'worked', NULL),
  (5, '2024-04-09', 9, 'worked', NULL),
  (5, '2024-04-10', 9, 'worked', NULL),
  (5, '2024-04-11', 9, 'worked', NULL),
  (5, '2024-04-12', 9, 'worked', NULL),
  (5, '2024-04-13', 9.5, 'worked', NULL),
  (5, '2024-04-14', 8, 'worked', NULL),
  (5, '2024-04-15', 9, 'worked', NULL),
  (5, '2024-04-16', 9, 'worked', NULL),
  (5, '2024-04-17', 9, 'worked', NULL),
  (5, '2024-04-18', 9, 'worked', NULL),
  (5, '2024-04-19', 9, 'worked', NULL),
  (5, '2024-04-20', 9, 'worked', NULL),
  (5, '2024-04-21', 0, 'worked', NULL),
  (5, '2024-04-22', 9, 'worked', NULL),
  (5, '2024-04-23', 9, 'worked', NULL),
  (5, '2024-04-24', 9, 'worked', NULL),
  (5, '2024-04-25', 9, 'worked', NULL),
  (5, '2024-04-26', 9, 'worked', NULL),
  (5, '2024-04-27', 9, 'worked', NULL),
  (5, '2024-04-28', 8.5, 'worked', NULL),
  (5, '2024-04-29', 9.5, 'worked', NULL),
  (5, '2024-04-30', NULL, 'leave', NULL),
  (5, '2024-05-05', 9, 'worked', NULL),
  (5, '2024-05-06', 9, 'worked', NULL),
  (5, '2024-05-07', 9, 'worked', NULL),
  (5, '2024-05-08', 9, 'worked', NULL),
  (5, '2024-05-09', 9, 'worked', NULL),
  (5, '2024-05-10', 9, 'worked', NULL),
  (5, '2024-05-11', 9, 'worked', NULL),
  (5, '2024-05-12', 9, 'worked', NULL),
  (5, '2024-05-13', 9, 'worked', NULL),
  (5, '2024-05-14', 8.5, 'worked', NULL),
  (5, '2024-05-15', 9, 'worked', NULL),
  (5, '2024-05-16', 9, 'worked', NULL),
  (5, '2024-05-17', 9, 'worked', NULL),
  (5, '2024-05-18', 9, 'worked', NULL),
  (5, '2024-05-19', 7.5, 'worked', NULL),
  (5, '2024-05-20', 9, 'worked', NULL),
  (5, '2024-05-21', 9, 'worked', NULL),
  (5, '2024-05-22', 9, 'worked', NULL),
  (5, '2024-05-23', 9, 'worked', NULL),
  (5, '2024-05-24', 8.5, 'worked', NULL),
  (5, '2024-05-25', 9, 'worked', NULL),
  (5, '2024-05-26', 8, 'worked', NULL),
  (5, '2024-05-27', 9, 'worked', NULL),
  (5, '2024-05-28', 9, 'worked', NULL),
  (5, '2024-05-29', 9, 'worked', NULL),
  (5, '2024-05-30', 9, 'worked', NULL),
  (5, '2024-05-31', 9, 'worked', NULL),
  (5, '2024-08-01', 9, 'worked', NULL),
  (5, '2024-08-02', 9, 'worked', NULL),
  (5, '2024-08-03', 9, 'worked', NULL),
  (5, '2024-08-04', 0, 'worked', NULL),
  (5, '2024-08-05', 9, 'worked', NULL),
  (5, '2024-08-06', 9, 'worked', NULL),
  (5, '2024-08-07', 9, 'worked', NULL),
  (5, '2024-08-08', 9, 'worked', NULL),
  (5, '2024-08-09', 9, 'worked', NULL),
  (5, '2024-08-10', 9, 'worked', NULL),
  (5, '2024-08-11', 8, 'worked', NULL),
  (5, '2024-08-12', 9, 'worked', NULL),
  (5, '2024-08-13', 9, 'worked', NULL),
  (5, '2024-08-14', 9, 'worked', NULL),
  (5, '2024-08-15', 9, 'worked', NULL),
  (5, '2024-08-16', 9, 'worked', NULL),
  (5, '2024-08-17', 9, 'worked', NULL),
  (5, '2024-08-18', 6.5, 'worked', NULL),
  (5, '2024-08-19', 9, 'worked', NULL),
  (5, '2024-08-20', 9, 'worked', NULL),
  (5, '2024-08-21', 9, 'worked', NULL),
  (5, '2024-08-22', 9, 'worked', NULL),
  (5, '2024-08-23', 9, 'worked', NULL),
  (5, '2024-08-24', 9, 'worked', NULL),
  (5, '2024-08-25', 9, 'worked', NULL),
  (5, '2024-08-26', 9, 'worked', NULL),
  (5, '2024-08-27', 9, 'worked', NULL),
  (5, '2024-08-28', 9, 'worked', NULL),
  (5, '2024-08-29', 9, 'worked', NULL),
  (5, '2024-08-30', 9, 'worked', NULL),
  (5, '2024-08-31', 9, 'worked', NULL),
  (5, '2024-09-01', 3.5, 'worked', NULL),
  (5, '2024-09-02', 9, 'worked', NULL),
  (5, '2024-09-03', 9, 'worked', NULL),
  (5, '2024-09-04', 9, 'worked', NULL),
  (5, '2024-09-05', 9, 'worked', NULL),
  (5, '2024-09-06', 9, 'worked', NULL),
  (5, '2024-09-07', 9, 'worked', NULL),
  (5, '2024-09-08', 7.5, 'worked', NULL),
  (5, '2024-09-09', 9, 'worked', NULL),
  (5, '2024-09-10', 9, 'worked', NULL),
  (5, '2024-09-11', 9, 'worked', NULL),
  (5, '2024-09-12', 9, 'worked', NULL),
  (5, '2024-09-13', 8, 'worked', NULL),
  (5, '2024-09-14', 9, 'worked', NULL),
  (5, '2024-09-15', 9.5, 'worked', NULL),
  (5, '2024-09-16', 9, 'worked', NULL),
  (5, '2024-09-17', NULL, 'holiday', '中秋'),
  (5, '2024-09-18', 9, 'worked', NULL),
  (5, '2024-09-19', 9, 'worked', NULL),
  (5, '2024-09-20', 9, 'worked', NULL),
  (5, '2024-09-21', 9, 'worked', NULL),
  (5, '2024-09-22', 8, 'worked', NULL),
  (5, '2024-09-23', 9, 'worked', NULL),
  (5, '2024-09-24', 9, 'worked', NULL),
  (5, '2024-09-25', 9, 'worked', NULL),
  (5, '2024-09-26', 9, 'worked', NULL),
  (5, '2024-09-27', 9, 'worked', NULL),
  (5, '2024-09-28', 7.5, 'worked', NULL),
  (5, '2024-09-29', 9.5, 'worked', NULL),
  (5, '2024-09-30', 9, 'worked', NULL),
  (5, '2024-10-06', NULL, 'leave', NULL),
  (5, '2024-10-07', 9, 'worked', NULL),
  (5, '2024-10-08', 9, 'worked', NULL),
  (5, '2024-10-09', 9, 'worked', NULL),
  (5, '2024-10-10', 9, 'worked', NULL),
  (5, '2024-10-11', 9, 'worked', NULL),
  (5, '2024-10-12', 9, 'worked', NULL),
  (5, '2024-10-13', 9, 'worked', NULL),
  (5, '2024-10-14', 9, 'worked', NULL),
  (5, '2024-10-15', 9, 'worked', NULL),
  (5, '2024-10-16', 9, 'worked', NULL),
  (5, '2024-10-17', 9, 'worked', NULL),
  (5, '2024-10-18', 9, 'worked', NULL),
  (5, '2024-10-19', 9, 'worked', NULL),
  (5, '2024-10-20', 0, 'worked', NULL),
  (5, '2024-10-21', 9, 'worked', NULL),
  (5, '2024-10-22', 9, 'worked', NULL),
  (5, '2024-10-23', 9, 'worked', NULL),
  (5, '2024-10-24', 9, 'worked', NULL),
  (5, '2024-10-25', 9, 'worked', NULL),
  (5, '2024-10-26', 9, 'worked', NULL),
  (5, '2024-10-27', 0, 'worked', NULL),
  (5, '2024-10-28', 9, 'worked', NULL),
  (5, '2024-10-29', 9, 'worked', NULL),
  (5, '2024-10-30', 9, 'worked', NULL),
  (5, '2024-10-31', 9, 'worked', NULL),
  (5, '2024-11-01', 9, 'worked', NULL),
  (5, '2024-11-02', 9, 'worked', NULL),
  (5, '2024-11-03', 9, 'worked', NULL),
  (5, '2024-11-04', 9, 'worked', NULL),
  (5, '2024-11-05', 9, 'worked', NULL),
  (5, '2024-11-06', 9, 'worked', NULL),
  (5, '2024-11-07', 9, 'worked', NULL),
  (5, '2024-11-08', 9, 'worked', NULL),
  (5, '2024-11-09', 9, 'worked', NULL),
  (5, '2024-11-10', 0, 'worked', NULL),
  (5, '2024-11-11', 9, 'worked', NULL),
  (5, '2024-11-12', 9, 'worked', NULL),
  (5, '2024-11-13', 9, 'worked', NULL),
  (5, '2024-11-14', 9, 'worked', NULL),
  (5, '2024-11-15', 9, 'worked', NULL),
  (5, '2024-11-16', 9, 'worked', NULL),
  (5, '2024-11-17', 9.5, 'worked', NULL),
  (5, '2024-11-18', 9, 'worked', NULL),
  (5, '2024-11-19', 9, 'worked', NULL),
  (5, '2024-11-20', 9, 'worked', NULL),
  (5, '2024-11-21', 9, 'worked', NULL),
  (5, '2024-11-22', 9, 'worked', NULL),
  (5, '2024-11-23', 9, 'worked', NULL),
  (5, '2024-11-24', 9, 'worked', NULL),
  (5, '2024-11-25', 9, 'worked', NULL),
  (5, '2024-11-26', 9, 'worked', NULL),
  (5, '2024-11-27', 9, 'worked', NULL),
  (5, '2024-11-28', 9, 'worked', NULL),
  (5, '2024-11-29', 9, 'worked', NULL),
  (5, '2024-11-30', 9, 'worked', NULL),
  (5, '2024-12-01', 9, 'worked', NULL),
  (5, '2024-12-02', 9, 'worked', NULL),
  (5, '2024-12-03', 9, 'worked', NULL),
  (5, '2024-12-04', 9, 'worked', NULL),
  (5, '2024-12-05', 9, 'worked', NULL),
  (5, '2024-12-06', 9, 'worked', NULL),
  (5, '2024-12-07', 8, 'worked', NULL),
  (5, '2024-12-08', 0, 'worked', NULL),
  (5, '2024-12-09', NULL, 'leave', NULL),
  (5, '2024-12-10', 9, 'worked', NULL),
  (5, '2024-12-11', 9, 'worked', NULL),
  (5, '2024-12-12', 9, 'worked', NULL),
  (5, '2024-12-13', 9, 'worked', NULL),
  (5, '2024-12-14', 9, 'worked', NULL),
  (5, '2024-12-15', 0, 'worked', NULL),
  (5, '2024-12-16', 9, 'worked', NULL),
  (5, '2024-12-17', 9, 'worked', NULL),
  (5, '2024-12-18', 9, 'worked', NULL),
  (5, '2024-12-19', 9, 'worked', NULL),
  (5, '2024-12-20', 9, 'worked', NULL),
  (5, '2024-12-21', 9, 'worked', NULL),
  (5, '2024-12-22', 0, 'worked', NULL),
  (5, '2024-12-23', 9, 'worked', NULL),
  (5, '2024-12-24', 9, 'worked', NULL),
  (5, '2024-12-25', 9, 'worked', NULL),
  (5, '2024-12-26', 9, 'worked', NULL),
  (5, '2024-12-27', 9, 'worked', NULL),
  (5, '2024-12-28', 9, 'worked', NULL),
  (5, '2024-12-29', 7.5, 'worked', NULL),
  (5, '2024-12-30', 9, 'worked', NULL),
  (5, '2024-12-31', 9, 'worked', NULL),
  (5, '2025-01-02', 9, 'worked', NULL),
  (5, '2025-01-03', 9, 'worked', NULL),
  (5, '2025-01-04', 9, 'worked', NULL),
  (5, '2025-01-05', 9, 'worked', NULL),
  (5, '2025-01-06', 9, 'worked', NULL),
  (5, '2025-01-07', 9, 'worked', NULL),
  (5, '2025-01-08', 9, 'worked', NULL),
  (5, '2025-01-09', 9, 'worked', NULL),
  (5, '2025-01-10', 9, 'worked', NULL),
  (5, '2025-01-11', 9, 'worked', NULL),
  (5, '2025-01-12', 9, 'worked', NULL),
  (5, '2025-01-13', 9, 'worked', NULL),
  (5, '2025-01-14', 9, 'worked', NULL),
  (5, '2025-01-15', 9, 'worked', NULL),
  (5, '2025-01-16', 9, 'worked', NULL),
  (5, '2025-01-17', 9, 'worked', NULL),
  (5, '2025-01-18', 9, 'worked', NULL),
  (5, '2025-02-10', 9, 'worked', NULL),
  (5, '2025-02-11', 9, 'worked', NULL),
  (5, '2025-02-12', 9, 'worked', NULL),
  (5, '2025-02-13', 9, 'worked', NULL),
  (5, '2025-02-14', 9, 'worked', NULL),
  (5, '2025-02-15', 9, 'worked', NULL),
  (5, '2025-02-17', NULL, 'leave', NULL),
  (5, '2025-02-18', NULL, 'leave', NULL),
  (5, '2025-02-19', 9, 'worked', NULL),
  (5, '2025-02-20', 9, 'worked', NULL),
  (5, '2025-02-21', 9, 'worked', NULL),
  (5, '2025-02-22', 9, 'worked', NULL),
  (5, '2025-02-24', 9, 'worked', NULL),
  (5, '2025-02-25', 9, 'worked', NULL),
  (5, '2025-02-26', 9, 'worked', NULL),
  (5, '2025-02-27', 9, 'worked', NULL),
  (5, '2025-02-28', 9, 'worked', NULL),
  (5, '2025-03-01', 9, 'worked', NULL),
  (5, '2025-03-02', 9, 'worked', NULL),
  (5, '2025-03-03', 9, 'worked', NULL),
  (5, '2025-03-04', 9, 'worked', NULL),
  (5, '2025-03-05', 9, 'worked', NULL),
  (5, '2025-03-06', 9, 'worked', NULL),
  (5, '2025-03-07', 9, 'worked', NULL),
  (5, '2025-03-08', 9, 'worked', NULL),
  (5, '2025-03-09', 9, 'worked', NULL),
  (5, '2025-03-10', 9, 'worked', NULL),
  (5, '2025-03-11', 9, 'worked', NULL),
  (5, '2025-03-12', 9, 'worked', NULL),
  (5, '2025-03-13', 9, 'worked', NULL),
  (5, '2025-03-14', 9, 'worked', NULL),
  (5, '2025-03-15', 9, 'worked', NULL),
  (5, '2025-03-16', 0, 'worked', NULL),
  (5, '2025-03-17', 9, 'worked', NULL),
  (5, '2025-03-18', 9, 'worked', NULL),
  (5, '2025-03-19', 9, 'worked', NULL),
  (5, '2025-03-20', 9, 'worked', NULL),
  (5, '2025-03-21', 9, 'worked', NULL),
  (5, '2025-03-22', 9, 'worked', NULL),
  (5, '2025-03-23', 9, 'worked', NULL),
  (5, '2025-03-24', 9, 'worked', NULL),
  (5, '2025-03-25', 9, 'worked', NULL),
  (5, '2025-03-26', 9, 'worked', NULL),
  (5, '2025-03-27', 9, 'worked', NULL),
  (5, '2025-03-28', 9, 'worked', NULL),
  (5, '2025-03-29', 9, 'worked', NULL),
  (5, '2025-03-31', 9, 'worked', NULL),
  (5, '2025-04-01', 9, 'worked', NULL),
  (5, '2025-04-02', 9, 'worked', NULL),
  (5, '2025-04-03', 9, 'worked', NULL),
  (5, '2025-04-04', 0, 'worked', NULL),
  (5, '2025-04-05', 8, 'worked', NULL),
  (5, '2025-04-06', 9, 'worked', NULL),
  (5, '2025-04-07', 9, 'worked', NULL),
  (5, '2025-04-08', 9, 'worked', NULL),
  (5, '2025-04-09', 9, 'worked', NULL),
  (5, '2025-04-10', 9, 'worked', NULL),
  (5, '2025-04-11', 9, 'worked', NULL),
  (5, '2025-04-12', 9, 'worked', NULL),
  (5, '2025-04-13', 7.5, 'worked', NULL),
  (5, '2025-04-14', 9, 'worked', NULL),
  (5, '2025-04-15', 9, 'worked', NULL),
  (5, '2025-04-16', 9, 'worked', NULL),
  (5, '2025-04-17', 9, 'worked', NULL),
  (5, '2025-04-18', 9, 'worked', NULL),
  (5, '2025-04-19', 9, 'worked', NULL),
  (5, '2025-04-20', 2, 'worked', NULL),
  (5, '2025-04-21', 9, 'worked', NULL),
  (5, '2025-04-22', 9, 'worked', NULL),
  (5, '2025-04-23', 9, 'worked', NULL),
  (5, '2025-04-24', 9, 'worked', NULL),
  (5, '2025-04-25', 9, 'worked', NULL),
  (5, '2025-04-26', 9, 'worked', NULL),
  (5, '2025-04-28', 9, 'worked', NULL),
  (5, '2025-04-29', 9, 'worked', NULL),
  (5, '2025-04-30', 9, 'worked', NULL),
  (5, '2025-05-05', 9, 'worked', NULL),
  (5, '2025-05-06', 9, 'worked', NULL),
  (5, '2025-05-07', 9, 'worked', NULL),
  (5, '2025-05-08', 9, 'worked', NULL),
  (5, '2025-05-09', 9, 'worked', NULL),
  (5, '2025-05-10', 9, 'worked', NULL),
  (5, '2025-05-12', 9, 'worked', NULL),
  (5, '2025-05-13', 9, 'worked', NULL),
  (5, '2025-05-14', 9, 'worked', NULL),
  (5, '2025-05-15', 9, 'worked', NULL),
  (5, '2025-05-16', 9, 'worked', NULL),
  (5, '2025-05-17', 9, 'worked', NULL),
  (5, '2025-05-19', 9, 'worked', NULL),
  (5, '2025-05-20', 9, 'worked', NULL),
  (5, '2025-05-21', 9, 'worked', NULL),
  (5, '2025-05-22', 9, 'worked', NULL),
  (5, '2025-05-23', 9, 'worked', NULL),
  (5, '2025-05-24', 9, 'worked', NULL),
  (5, '2025-05-25', 7.5, 'worked', NULL),
  (5, '2025-05-26', 9, 'worked', NULL),
  (5, '2025-05-27', 9, 'worked', NULL),
  (5, '2025-05-28', 9, 'worked', NULL),
  (5, '2025-05-29', 9, 'worked', NULL),
  (5, '2025-05-30', 8.5, 'worked', NULL),
  (5, '2025-06-03', 0, 'worked', NULL),
  (5, '2025-06-04', 9, 'worked', NULL),
  (5, '2025-06-05', 9, 'worked', NULL),
  (5, '2025-06-06', 9, 'worked', NULL),
  (5, '2025-06-07', 9, 'worked', NULL),
  (5, '2025-06-08', 9, 'worked', NULL),
  (5, '2025-06-09', 9, 'worked', NULL),
  (5, '2025-06-10', 9, 'worked', NULL),
  (5, '2025-06-11', 9, 'worked', NULL),
  (5, '2025-06-12', 9, 'worked', NULL),
  (5, '2025-06-13', 9, 'worked', NULL),
  (5, '2025-06-14', 4.5, 'worked', NULL),
  (5, '2025-06-15', 9, 'worked', NULL),
  (5, '2025-06-16', 9, 'worked', NULL),
  (5, '2025-06-17', 9, 'worked', NULL),
  (5, '2025-06-18', 9, 'worked', NULL),
  (5, '2025-06-19', 9, 'worked', NULL),
  (5, '2025-06-20', 9, 'worked', NULL),
  (5, '2025-06-21', 9, 'worked', NULL),
  (5, '2025-06-22', 9, 'worked', NULL),
  (5, '2025-06-23', 8, 'worked', NULL),
  (5, '2025-06-24', 9, 'worked', NULL),
  (5, '2025-06-25', 9, 'worked', NULL),
  (5, '2025-06-26', 9, 'worked', NULL),
  (5, '2025-06-27', 9, 'worked', NULL),
  (5, '2025-06-28', 9, 'worked', NULL),
  (5, '2025-06-29', 9, 'worked', NULL),
  (5, '2025-06-30', 9, 'worked', NULL),
  (5, '2025-07-01', 9, 'worked', NULL),
  (5, '2025-07-02', 9, 'worked', NULL),
  (5, '2025-07-03', 9, 'worked', NULL),
  (5, '2025-07-04', 9, 'worked', NULL),
  (5, '2025-07-05', 9, 'worked', NULL),
  (5, '2025-07-07', 9, 'worked', NULL),
  (5, '2025-07-08', 9, 'worked', NULL),
  (5, '2025-07-09', 9, 'worked', NULL),
  (5, '2025-07-10', 9, 'worked', NULL),
  (5, '2025-07-11', 9, 'worked', NULL),
  (5, '2025-07-12', 9, 'worked', NULL),
  (5, '2025-07-13', 9, 'worked', NULL),
  (5, '2025-07-14', 9, 'worked', NULL),
  (5, '2025-07-15', 9, 'worked', NULL),
  (5, '2025-07-16', 9, 'worked', NULL),
  (5, '2025-07-17', 9, 'worked', NULL),
  (5, '2025-07-18', 9, 'worked', NULL),
  (5, '2025-07-19', 9, 'worked', NULL),
  (5, '2025-07-20', 9, 'worked', NULL),
  (5, '2025-07-21', 9, 'worked', NULL),
  (5, '2025-07-22', 9, 'worked', NULL),
  (5, '2025-07-23', 9, 'worked', NULL),
  (5, '2025-07-24', 7, 'worked', NULL),
  (5, '2025-07-25', NULL, 'leave', NULL),
  (5, '2025-07-26', NULL, 'leave', NULL),
  (5, '2025-07-27', NULL, 'leave', NULL),
  (5, '2025-07-28', 9, 'worked', NULL),
  (5, '2025-07-29', 9, 'worked', NULL),
  (5, '2025-07-30', 9, 'worked', NULL),
  (5, '2025-07-31', 9, 'worked', NULL),
  (5, '2025-08-01', 9, 'worked', NULL),
  (5, '2025-08-02', 9, 'worked', NULL),
  (5, '2025-08-03', 0, 'worked', NULL),
  (5, '2025-08-04', 9, 'worked', NULL),
  (5, '2025-08-05', 9, 'worked', NULL),
  (5, '2025-08-06', 9, 'worked', NULL),
  (5, '2025-08-07', 9, 'worked', NULL),
  (5, '2025-08-08', 9, 'worked', NULL),
  (5, '2025-08-09', 9, 'worked', NULL),
  (5, '2025-08-10', 9, 'worked', NULL),
  (5, '2025-08-11', 9, 'worked', NULL),
  (5, '2025-08-12', 9, 'worked', NULL),
  (5, '2025-08-13', 9, 'worked', NULL),
  (5, '2025-08-14', 9, 'worked', NULL),
  (5, '2025-08-15', 9, 'worked', NULL),
  (5, '2025-08-16', 9, 'worked', NULL),
  (5, '2025-08-17', 3.5, 'worked', NULL),
  (5, '2025-08-18', 9, 'worked', NULL),
  (5, '2025-08-19', 9, 'worked', NULL),
  (5, '2025-08-20', 9, 'worked', NULL),
  (5, '2025-08-21', 9, 'worked', NULL),
  (5, '2025-08-22', 9, 'worked', NULL),
  (5, '2025-08-23', 9, 'worked', NULL),
  (5, '2025-08-24', 0, 'worked', NULL),
  (5, '2025-08-25', 9, 'worked', NULL),
  (5, '2025-08-26', 9, 'worked', NULL),
  (5, '2025-08-27', 9, 'worked', NULL),
  (5, '2025-08-28', 9, 'worked', NULL),
  (5, '2025-08-29', 9, 'worked', NULL),
  (5, '2025-08-30', 9, 'worked', NULL),
  (5, '2025-09-01', 9, 'worked', NULL),
  (5, '2025-09-02', 9, 'worked', NULL),
  (5, '2025-09-03', 9, 'worked', NULL),
  (5, '2025-09-04', 9, 'worked', NULL),
  (5, '2025-09-05', 9, 'worked', NULL),
  (5, '2025-09-06', 9, 'worked', NULL),
  (5, '2025-09-07', 9, 'worked', NULL),
  (5, '2025-09-08', 9, 'worked', NULL),
  (5, '2025-09-09', 9, 'worked', NULL),
  (5, '2025-09-10', 9, 'worked', NULL),
  (5, '2025-09-11', 9, 'worked', NULL),
  (5, '2025-09-12', 9, 'worked', NULL),
  (5, '2025-09-13', 10, 'worked', NULL),
  (5, '2025-09-15', NULL, 'leave', NULL),
  (5, '2025-09-16', NULL, 'leave', NULL),
  (5, '2025-09-17', NULL, 'leave', NULL),
  (5, '2025-09-18', NULL, 'leave', NULL),
  (5, '2025-09-19', NULL, 'leave', NULL),
  (5, '2025-09-20', 9, 'worked', NULL),
  (5, '2025-09-21', 9.5, 'worked', NULL),
  (5, '2025-09-22', 9, 'worked', NULL),
  (5, '2025-09-23', 9, 'worked', NULL),
  (5, '2025-09-24', NULL, 'custom', '台风'),
  (5, '2025-09-25', 9, 'worked', NULL),
  (5, '2025-09-26', 9, 'worked', NULL),
  (5, '2025-09-27', 9, 'worked', NULL),
  (5, '2025-09-28', 9, 'worked', NULL),
  (5, '2025-09-29', 9, 'worked', NULL),
  (5, '2025-09-30', 9, 'worked', NULL),
  (5, '2025-10-02', 7, 'worked', NULL),
  (5, '2025-10-03', 10, 'worked', NULL),
  (5, '2025-10-04', 9.5, 'worked', NULL),
  (5, '2025-10-05', 9.5, 'worked', NULL),
  (5, '2025-10-06', 9.5, 'worked', NULL),
  (5, '2025-10-07', 9, 'worked', NULL),
  (5, '2025-10-08', 9, 'worked', NULL),
  (5, '2025-10-09', 9, 'worked', NULL),
  (5, '2025-10-10', 9, 'worked', NULL),
  (5, '2025-10-11', 9, 'worked', NULL),
  (5, '2025-10-12', 9, 'worked', NULL),
  (5, '2025-10-13', 9, 'worked', NULL),
  (5, '2025-10-14', 8.5, 'worked', NULL),
  (5, '2025-10-15', NULL, 'leave', NULL),
  (5, '2025-10-16', NULL, 'leave', NULL),
  (5, '2025-10-17', NULL, 'leave', NULL),
  (5, '2025-10-18', NULL, 'leave', NULL),
  (5, '2025-10-19', NULL, 'leave', NULL),
  (5, '2025-10-20', NULL, 'leave', NULL),
  (5, '2025-10-21', NULL, 'leave', NULL),
  (5, '2025-10-22', 9, 'worked', NULL),
  (5, '2025-10-23', 9, 'worked', NULL),
  (5, '2025-10-24', 9, 'worked', NULL),
  (5, '2025-10-25', 9, 'worked', NULL),
  (5, '2025-10-26', 9.5, 'worked', NULL),
  (5, '2025-10-27', 9, 'worked', NULL),
  (5, '2025-10-28', 9, 'worked', NULL),
  (5, '2025-10-29', 9, 'worked', NULL),
  (5, '2025-10-30', 9, 'worked', NULL),
  (5, '2025-10-31', 9, 'worked', NULL),
  (5, '2025-11-01', 9, 'worked', NULL),
  (5, '2025-11-02', 0, 'worked', NULL),
  (5, '2025-11-03', 9, 'worked', NULL),
  (5, '2025-11-04', 9, 'worked', NULL),
  (5, '2025-11-05', 9, 'worked', NULL),
  (5, '2025-11-06', 9, 'worked', NULL),
  (5, '2025-11-07', 9, 'worked', NULL),
  (5, '2025-11-08', 9, 'worked', NULL),
  (5, '2025-11-09', 0, 'worked', NULL),
  (5, '2025-11-10', 9, 'worked', NULL),
  (5, '2025-11-11', 9, 'worked', NULL),
  (5, '2025-11-12', 9, 'worked', NULL),
  (5, '2025-11-13', 9, 'worked', NULL),
  (5, '2025-11-14', 9, 'worked', NULL),
  (5, '2025-11-15', 7.5, 'worked', NULL),
  (5, '2025-11-16', 0, 'worked', NULL),
  (5, '2025-11-17', 9, 'worked', NULL),
  (5, '2025-11-18', 9, 'worked', NULL),
  (5, '2025-11-19', 9, 'worked', NULL),
  (5, '2025-11-20', 9, 'worked', NULL),
  (5, '2025-11-21', 9, 'worked', NULL),
  (5, '2025-11-22', 9, 'worked', NULL),
  (5, '2025-11-23', 9, 'worked', NULL),
  (5, '2025-11-24', 2, 'worked', NULL),
  (5, '2025-11-25', 9, 'worked', NULL),
  (5, '2025-11-26', 7, 'worked', NULL),
  (5, '2025-11-27', 9, 'worked', NULL),
  (5, '2025-11-28', 9, 'worked', NULL),
  (5, '2025-11-29', 9, 'worked', NULL),
  (5, '2025-11-30', 10, 'worked', NULL),
  (5, '2025-12-01', 9, 'worked', NULL),
  (5, '2025-12-02', 9, 'worked', NULL),
  (5, '2025-12-03', 9, 'worked', NULL),
  (5, '2025-12-04', 9, 'worked', NULL),
  (5, '2025-12-05', 9, 'worked', NULL),
  (5, '2025-12-06', 3.5, 'worked', NULL),
  (5, '2025-12-07', 3.5, 'worked', NULL),
  (5, '2025-12-08', 9, 'worked', NULL),
  (5, '2025-12-09', 9, 'worked', NULL),
  (5, '2025-12-10', 9, 'worked', NULL),
  (5, '2025-12-11', 9, 'worked', NULL),
  (5, '2025-12-12', 9, 'worked', NULL),
  (5, '2025-12-13', 9, 'worked', NULL),
  (5, '2025-12-14', 9, 'worked', NULL),
  (5, '2025-12-15', 9, 'worked', NULL),
  (5, '2025-12-16', 9, 'worked', NULL),
  (5, '2025-12-17', 8, 'worked', NULL),
  (5, '2025-12-18', 9, 'worked', NULL),
  (5, '2025-12-19', 9, 'worked', NULL),
  (5, '2025-12-20', 9, 'worked', NULL),
  (5, '2025-12-21', 7.5, 'worked', NULL),
  (5, '2025-12-22', 9, 'worked', NULL),
  (5, '2025-12-23', 8.5, 'worked', NULL),
  (5, '2025-12-24', 9, 'worked', NULL),
  (5, '2025-12-25', 9, 'worked', NULL),
  (5, '2025-12-26', 8.5, 'worked', NULL),
  (5, '2025-12-27', 0, 'worked', NULL),
  (5, '2025-12-28', 0, 'worked', NULL),
  (5, '2025-12-29', 9, 'worked', NULL),
  (5, '2025-12-30', 9, 'worked', NULL),
  (5, '2025-12-31', 9, 'worked', NULL),
  (5, '2026-01-02', 9, 'worked', NULL),
  (5, '2026-01-03', 9, 'worked', NULL),
  (5, '2026-01-04', 9, 'worked', NULL),
  (5, '2026-01-05', 9, 'worked', NULL),
  (5, '2026-01-06', 9, 'worked', NULL),
  (5, '2026-01-07', 9, 'worked', NULL),
  (5, '2026-01-08', 9, 'worked', NULL),
  (5, '2026-01-09', 9, 'worked', NULL),
  (5, '2026-01-10', 9, 'worked', NULL),
  (5, '2026-01-11', 0, 'worked', NULL),
  (5, '2026-01-12', 9, 'worked', NULL),
  (5, '2026-01-13', 9, 'worked', NULL),
  (5, '2026-01-14', 9, 'worked', NULL),
  (5, '2026-01-15', 9, 'worked', NULL),
  (5, '2026-01-16', 9, 'worked', NULL),
  (5, '2026-01-17', 9, 'worked', NULL),
  (5, '2026-01-18', 9, 'worked', NULL),
  (5, '2026-01-19', 9, 'worked', NULL),
  (5, '2026-01-20', 9, 'worked', NULL),
  (5, '2026-01-21', 9, 'worked', NULL),
  (5, '2026-01-22', 9, 'worked', NULL),
  (5, '2026-01-23', 9, 'worked', NULL),
  (5, '2026-01-24', 9, 'worked', NULL),
  (5, '2026-01-26', 9, 'worked', NULL),
  (5, '2026-01-27', 9, 'worked', NULL),
  (5, '2026-01-28', 9, 'worked', NULL),
  (5, '2026-01-29', 9, 'worked', NULL),
  (5, '2026-01-30', 9, 'worked', NULL),
  (5, '2026-01-31', 9, 'worked', NULL),
  (5, '2026-02-01', 7.5, 'worked', NULL),
  (5, '2026-02-02', 9, 'worked', NULL),
  (5, '2026-02-03', 9, 'worked', NULL),
  (5, '2026-02-04', 9, 'worked', NULL),
  (5, '2026-02-05', 8, 'worked', NULL),
  (5, '2026-02-06', 9, 'worked', NULL),
  (5, '2026-02-07', 3.5, 'worked', NULL),
  (5, '2026-02-26', 9, 'worked', NULL),
  (5, '2026-02-27', 9, 'worked', NULL),
  (5, '2026-02-28', 9, 'worked', NULL),
  (5, '2026-03-02', 9, 'worked', NULL),
  (5, '2026-03-03', 9, 'worked', NULL),
  (5, '2026-03-04', 9, 'worked', NULL),
  (5, '2026-03-05', 9, 'worked', NULL),
  (5, '2026-03-06', 9, 'worked', NULL),
  (5, '2026-03-07', 9, 'worked', NULL),
  (5, '2026-03-09', 9, 'worked', NULL),
  (5, '2026-03-10', 9, 'worked', NULL),
  (5, '2026-03-11', 9, 'worked', NULL),
  (5, '2026-03-12', 9, 'worked', NULL),
  (5, '2026-03-13', 9, 'worked', NULL),
  (5, '2026-03-14', 9, 'worked', NULL),
  (5, '2026-03-16', 9, 'worked', NULL),
  (5, '2026-03-17', 9, 'worked', NULL),
  (5, '2026-03-18', 9, 'worked', NULL),
  (5, '2026-03-19', 9, 'worked', NULL),
  (5, '2026-03-20', 9, 'worked', NULL),
  (5, '2026-03-21', 9, 'worked', NULL),
  (5, '2026-03-23', 9, 'worked', NULL),
  (5, '2026-03-24', 9, 'worked', NULL),
  (5, '2026-03-25', 9, 'worked', NULL),
  (5, '2026-03-26', 9, 'worked', NULL),
  (5, '2026-03-27', 9, 'worked', NULL),
  (5, '2026-03-28', 9, 'worked', NULL),
  (5, '2026-03-30', 9, 'worked', NULL),
  (5, '2026-03-31', 9, 'worked', NULL),
  (5, '2026-04-01', 9, 'worked', NULL),
  (5, '2026-04-02', 8, 'worked', NULL),
  (5, '2026-04-03', 9, 'worked', NULL),
  (5, '2026-04-04', 9, 'worked', NULL),
  (5, '2026-04-07', 9, 'worked', NULL),
  (5, '2026-04-08', 9, 'worked', NULL),
  (5, '2026-04-09', 9, 'worked', NULL),
  (5, '2026-04-10', 9, 'worked', NULL),
  (5, '2026-04-11', 9, 'worked', NULL),
  (5, '2026-04-13', 9, 'worked', NULL),
  (5, '2026-04-14', 9, 'worked', NULL),
  (5, '2026-04-15', 9, 'worked', NULL),
  (5, '2026-04-16', 9, 'worked', NULL),
  (5, '2026-04-17', 9, 'worked', NULL),
  (5, '2026-04-18', 9, 'worked', NULL),
  (5, '2026-04-20', 9, 'worked', NULL),
  (5, '2026-04-21', 9, 'worked', NULL),
  (5, '2026-04-22', 9, 'worked', NULL),
  (5, '2026-04-23', 9, 'worked', NULL),
  (5, '2026-04-24', 8, 'worked', NULL),
  (5, '2026-04-25', NULL, 'leave', NULL),
  (5, '2026-04-27', 9, 'worked', NULL),
  (5, '2026-04-28', 9, 'worked', NULL),
  (5, '2026-04-29', 9, 'worked', NULL),
  (5, '2026-04-30', 9, 'worked', NULL),
  (5, '2026-05-01', 0, 'worked', NULL),
  (5, '2026-05-02', 9.5, 'worked', NULL),
  (5, '2026-05-03', 9, 'worked', NULL),
  (5, '2026-05-07', 9, 'worked', NULL),
  (5, '2026-05-08', 9, 'worked', NULL),
  (5, '2026-05-09', 9, 'worked', NULL),
  (5, '2026-05-10', 9, 'worked', NULL),
  (5, '2026-05-11', 9, 'worked', NULL),
  (5, '2026-05-13', 9, 'worked', NULL),
  (5, '2026-05-14', 9, 'worked', NULL),
  (5, '2026-05-15', 9, 'worked', NULL),
  (5, '2026-05-16', 9, 'worked', NULL),
  (5, '2026-05-17', 9, 'worked', NULL),
  (5, '2026-05-18', 9, 'worked', NULL),
  (5, '2026-05-20', 9, 'worked', NULL),
  (5, '2026-05-21', 9, 'worked', NULL),
  (5, '2026-05-22', 9, 'worked', NULL),
  (5, '2026-05-23', 9, 'worked', NULL),
  (5, '2026-05-24', 8, 'worked', NULL),
  (5, '2026-05-25', NULL, 'leave', NULL),
  (5, '2026-05-27', 9, 'worked', NULL),
  (5, '2026-05-28', 9, 'worked', NULL),
  (5, '2026-05-29', 9, 'worked', NULL),
  (5, '2026-05-30', 9, 'worked', NULL),
  (6, '2024-02-24', 6.5, 'worked', NULL),
  (6, '2024-02-25', 8.5, 'worked', NULL),
  (6, '2024-02-26', 8.5, 'worked', NULL),
  (6, '2024-02-27', 7.5, 'worked', NULL),
  (6, '2024-02-28', 8.5, 'worked', NULL),
  (6, '2024-02-29', 8.5, 'worked', NULL),
  (7, '2024-02-24', 8.5, 'worked', NULL),
  (7, '2024-02-25', 8.5, 'worked', NULL),
  (7, '2024-02-26', 8.5, 'worked', NULL),
  (7, '2024-02-27', 8.5, 'worked', NULL),
  (7, '2024-02-28', 8.5, 'worked', NULL),
  (7, '2024-02-29', 8.5, 'worked', NULL),
  (8, '2024-07-02', 9, 'worked', NULL),
  (8, '2024-07-03', 9, 'worked', NULL),
  (8, '2024-07-04', NULL, 'leave', NULL),
  (8, '2024-07-05', 9, 'worked', NULL),
  (8, '2024-07-06', 9, 'worked', NULL),
  (8, '2024-07-08', 9, 'worked', NULL),
  (8, '2024-07-09', 3.5, 'worked', NULL),
  (8, '2024-07-10', 9, 'worked', NULL),
  (8, '2024-07-11', 9, 'worked', NULL),
  (8, '2024-07-12', 9, 'worked', NULL),
  (8, '2024-07-13', 8, 'worked', NULL),
  (8, '2024-07-15', 9, 'worked', NULL),
  (8, '2024-07-16', 9, 'worked', NULL),
  (8, '2024-07-17', 8, 'worked', NULL),
  (8, '2024-07-18', 9, 'worked', NULL),
  (8, '2024-07-19', 9, 'worked', NULL),
  (8, '2024-07-20', NULL, 'leave', NULL),
  (8, '2024-07-22', 9, 'worked', NULL),
  (8, '2024-07-23', 9, 'worked', NULL),
  (8, '2024-07-24', 9, 'worked', NULL),
  (8, '2024-07-25', NULL, 'holiday', '休息'),
  (8, '2024-07-26', 9, 'worked', NULL),
  (8, '2024-07-27', 9, 'worked', NULL),
  (8, '2024-07-29', 9, 'worked', NULL),
  (8, '2024-07-30', 9, 'worked', NULL),
  (8, '2024-07-31', 9, 'worked', NULL),
  (8, '2024-08-01', 8, 'worked', NULL),
  (8, '2024-08-02', 9, 'worked', NULL),
  (8, '2024-08-03', 9, 'worked', NULL),
  (8, '2024-08-04', 0, 'worked', NULL),
  (8, '2024-08-05', 9, 'worked', NULL),
  (8, '2024-08-06', 9, 'worked', NULL),
  (8, '2024-08-07', 9, 'worked', NULL),
  (8, '2024-08-08', 9, 'worked', NULL),
  (8, '2024-08-09', 9, 'worked', NULL),
  (8, '2024-08-10', 9, 'worked', NULL),
  (8, '2024-08-12', 9, 'worked', NULL),
  (8, '2024-08-13', 9, 'worked', NULL),
  (8, '2024-08-14', 8, 'worked', NULL),
  (8, '2024-08-15', 9, 'worked', NULL),
  (8, '2024-08-16', 8, 'worked', NULL),
  (8, '2024-08-17', 8, 'worked', NULL),
  (8, '2024-08-19', 8.5, 'worked', NULL),
  (8, '2024-08-20', 9, 'worked', NULL),
  (8, '2024-08-21', 8.5, 'worked', NULL),
  (8, '2024-08-22', 8, 'worked', NULL),
  (8, '2024-08-23', 8, 'worked', NULL),
  (8, '2024-08-24', 8, 'worked', NULL),
  (8, '2024-08-26', 8, 'worked', NULL),
  (8, '2024-08-27', 9, 'worked', NULL),
  (8, '2024-08-28', 6.5, 'worked', NULL),
  (8, '2024-08-29', 9, 'worked', NULL),
  (8, '2024-08-30', 9, 'worked', NULL),
  (8, '2024-08-31', 9, 'worked', NULL),
  (8, '2024-09-02', 7.5, 'worked', NULL),
  (8, '2024-09-03', 8.5, 'worked', NULL),
  (8, '2024-09-04', 9, 'worked', NULL),
  (8, '2024-09-05', 9, 'worked', NULL),
  (8, '2024-09-06', 8.5, 'worked', NULL),
  (8, '2024-09-07', 8, 'worked', NULL),
  (8, '2024-09-09', 7.5, 'worked', NULL),
  (8, '2024-09-10', 9, 'worked', NULL),
  (8, '2024-09-11', 9, 'worked', NULL),
  (8, '2024-09-12', 9, 'worked', NULL),
  (8, '2024-09-13', 7.5, 'worked', NULL),
  (8, '2024-09-14', 4, 'worked', NULL),
  (8, '2024-09-15', NULL, 'holiday', NULL),
  (8, '2024-09-16', NULL, 'holiday', NULL),
  (8, '2024-09-17', NULL, 'holiday', NULL),
  (8, '2024-09-18', NULL, 'leave', NULL),
  (8, '2024-09-19', 9, 'worked', NULL),
  (8, '2024-09-20', 9, 'worked', NULL),
  (8, '2024-09-21', 9, 'worked', NULL),
  (8, '2024-09-23', 9, 'worked', NULL),
  (8, '2024-09-24', 9, 'worked', NULL),
  (8, '2024-09-25', 9, 'worked', NULL),
  (8, '2024-09-26', 9, 'worked', NULL),
  (8, '2024-09-27', 7.5, 'worked', NULL),
  (8, '2024-09-29', 7.5, 'worked', NULL),
  (8, '2024-09-30', 7.5, 'worked', NULL),
  (8, '2024-10-06', 8, 'worked', NULL),
  (8, '2024-10-07', 9, 'worked', NULL),
  (8, '2024-10-08', NULL, 'leave', NULL),
  (8, '2024-10-09', 9, 'worked', NULL),
  (8, '2024-10-10', 9, 'worked', NULL),
  (8, '2024-10-11', 8, 'worked', NULL),
  (8, '2024-10-12', 8.5, 'worked', NULL),
  (8, '2024-10-14', 9, 'worked', NULL),
  (8, '2024-10-15', 9, 'worked', NULL),
  (8, '2024-10-16', 9, 'worked', NULL),
  (8, '2024-10-17', 9, 'worked', NULL),
  (8, '2024-10-18', 8, 'worked', NULL),
  (8, '2024-10-19', 8, 'worked', NULL),
  (8, '2024-10-21', 8, 'worked', NULL),
  (8, '2024-10-22', 3.5, 'worked', NULL),
  (8, '2024-10-23', 7.5, 'worked', NULL),
  (8, '2024-10-24', 9, 'worked', NULL),
  (8, '2024-10-25', 8, 'worked', NULL),
  (8, '2024-10-26', 8.5, 'worked', NULL),
  (8, '2024-10-28', 9, 'worked', NULL),
  (8, '2024-10-29', 9, 'worked', NULL),
  (8, '2024-10-30', 8, 'worked', NULL),
  (8, '2024-10-31', 8.5, 'worked', NULL),
  (8, '2024-11-01', 9, 'worked', NULL),
  (8, '2024-11-02', NULL, 'leave', NULL),
  (8, '2024-11-04', 3, 'worked', NULL),
  (8, '2024-11-05', NULL, 'leave', NULL),
  (8, '2024-11-06', 9, 'worked', NULL),
  (8, '2024-11-07', 9, 'worked', NULL),
  (8, '2024-11-08', 9, 'worked', NULL),
  (8, '2024-11-09', 9, 'worked', NULL),
  (8, '2024-11-11', 9, 'worked', NULL),
  (8, '2024-11-12', 8.5, 'worked', NULL),
  (8, '2024-11-13', 7.5, 'worked', NULL),
  (8, '2024-11-14', 3.5, 'worked', NULL),
  (8, '2024-11-15', NULL, 'leave', NULL),
  (8, '2024-11-16', NULL, 'leave', NULL),
  (8, '2024-11-18', 9, 'worked', NULL),
  (8, '2024-11-19', 9, 'worked', NULL),
  (8, '2024-11-20', 8, 'worked', NULL),
  (8, '2024-11-21', 9, 'worked', NULL),
  (8, '2024-11-22', 9, 'worked', NULL),
  (8, '2024-11-23', 8, 'worked', NULL),
  (8, '2024-11-25', 8.5, 'worked', NULL),
  (8, '2024-11-26', 8.5, 'worked', NULL),
  (8, '2024-11-27', 9, 'worked', NULL),
  (8, '2024-11-28', 9, 'worked', NULL),
  (8, '2024-11-29', 9, 'worked', NULL),
  (8, '2024-11-30', 9, 'worked', NULL),
  (8, '2024-12-02', NULL, 'leave', NULL),
  (8, '2024-12-03', 9, 'worked', NULL),
  (8, '2024-12-04', 5.5, 'worked', NULL),
  (8, '2024-12-05', NULL, 'leave', NULL),
  (8, '2024-12-06', NULL, 'leave', NULL),
  (8, '2024-12-07', NULL, 'leave', NULL),
  (8, '2024-12-09', 8, 'worked', NULL),
  (8, '2024-12-10', 9, 'worked', NULL),
  (8, '2024-12-11', 3.5, 'worked', NULL),
  (8, '2024-12-12', 8.5, 'worked', NULL),
  (8, '2024-12-13', NULL, 'leave', NULL),
  (8, '2024-12-14', NULL, 'leave', NULL),
  (8, '2024-12-16', NULL, 'leave', NULL),
  (8, '2024-12-17', 8.5, 'worked', NULL),
  (8, '2024-12-18', 9, 'worked', NULL),
  (8, '2024-12-19', 9, 'worked', NULL),
  (8, '2024-12-20', 9, 'worked', NULL),
  (8, '2024-12-21', 9, 'worked', NULL),
  (8, '2024-12-23', 8.5, 'worked', NULL),
  (8, '2024-12-24', 8, 'worked', NULL),
  (8, '2024-12-25', 9, 'worked', NULL),
  (8, '2024-12-26', 9, 'worked', NULL),
  (8, '2024-12-27', 9, 'worked', NULL),
  (8, '2024-12-28', 9, 'worked', NULL),
  (8, '2024-12-30', 8.5, 'worked', NULL),
  (8, '2024-12-31', 8, 'worked', NULL),
  (8, '2025-01-02', 9, 'worked', NULL),
  (8, '2025-01-03', 9, 'worked', NULL),
  (8, '2025-01-04', 9, 'worked', NULL),
  (8, '2025-01-06', 9, 'worked', NULL),
  (8, '2025-01-07', 9, 'worked', NULL),
  (8, '2025-01-08', 9, 'worked', NULL),
  (8, '2025-01-09', 9, 'worked', NULL),
  (8, '2025-01-10', 8.5, 'worked', NULL),
  (8, '2025-01-11', NULL, 'leave', NULL),
  (8, '2025-01-12', 8, 'worked', NULL),
  (8, '2025-01-13', 9, 'worked', NULL),
  (8, '2025-01-14', 9, 'worked', NULL),
  (8, '2025-01-15', 8.5, 'worked', NULL),
  (8, '2025-01-16', 9, 'worked', NULL),
  (8, '2025-01-17', 8, 'worked', NULL),
  (8, '2025-01-18', 2, 'worked', NULL),
  (8, '2025-02-10', 8, 'worked', NULL),
  (8, '2025-02-11', 8.5, 'worked', NULL),
  (8, '2025-02-12', 9, 'worked', NULL),
  (8, '2025-02-13', 9, 'worked', NULL),
  (8, '2025-02-14', 9, 'worked', NULL),
  (8, '2025-02-15', NULL, 'leave', NULL),
  (8, '2025-02-17', 9, 'worked', NULL),
  (8, '2025-02-18', 8, 'worked', NULL),
  (8, '2025-02-19', 8.5, 'worked', NULL),
  (8, '2025-02-20', 9, 'worked', NULL),
  (8, '2025-02-21', 9, 'worked', NULL),
  (8, '2025-02-22', 9, 'worked', NULL),
  (8, '2025-02-24', 9, 'worked', NULL),
  (8, '2025-02-25', 9, 'worked', NULL),
  (8, '2025-02-26', 9, 'worked', NULL),
  (8, '2025-02-27', 9, 'worked', NULL),
  (8, '2025-02-28', 8, 'worked', NULL),
  (8, '2025-03-01', 9, 'worked', NULL),
  (8, '2025-03-03', 9, 'worked', NULL),
  (8, '2025-03-04', 9, 'worked', NULL),
  (8, '2025-03-05', 8.5, 'worked', NULL),
  (8, '2025-03-06', 9, 'worked', NULL),
  (8, '2025-03-07', 9, 'worked', NULL),
  (8, '2025-03-08', 9, 'worked', NULL),
  (8, '2025-03-10', 9, 'worked', NULL),
  (8, '2025-03-11', 9, 'worked', NULL),
  (8, '2025-03-12', 8, 'worked', NULL),
  (8, '2025-03-13', 8.5, 'worked', NULL),
  (8, '2025-03-14', 8.5, 'worked', NULL),
  (8, '2025-03-15', 9, 'worked', NULL),
  (8, '2025-03-17', 9, 'worked', NULL),
  (8, '2025-03-18', 9, 'worked', NULL),
  (8, '2025-03-19', 9, 'worked', NULL),
  (8, '2025-03-20', 9, 'worked', NULL),
  (8, '2025-03-21', 9, 'worked', NULL),
  (8, '2025-03-22', 9, 'worked', NULL),
  (8, '2025-03-24', 8.5, 'worked', NULL),
  (8, '2025-03-25', NULL, 'leave', NULL),
  (8, '2025-03-26', NULL, 'leave', NULL),
  (8, '2025-03-27', 9, 'worked', NULL),
  (8, '2025-03-28', 9, 'worked', NULL),
  (8, '2025-03-29', 9, 'worked', NULL),
  (8, '2025-03-31', 9, 'worked', NULL),
  (8, '2025-04-01', 8, 'worked', NULL),
  (8, '2025-04-02', 9, 'worked', NULL),
  (8, '2025-04-03', NULL, 'leave', NULL),
  (8, '2025-04-07', NULL, 'leave', NULL),
  (8, '2025-04-08', NULL, 'leave', NULL),
  (8, '2025-04-09', 9, 'worked', NULL),
  (8, '2025-04-10', 9, 'worked', NULL),
  (8, '2025-04-11', 8.5, 'worked', NULL),
  (8, '2025-04-12', 9, 'worked', NULL),
  (8, '2025-04-14', 8, 'worked', NULL),
  (8, '2025-04-15', 9, 'worked', NULL),
  (8, '2025-04-16', 8.5, 'worked', NULL),
  (8, '2025-04-17', 9, 'worked', NULL),
  (8, '2025-04-18', 9, 'worked', NULL),
  (8, '2025-04-19', 9, 'worked', NULL),
  (8, '2025-04-21', 8.5, 'worked', NULL),
  (8, '2025-04-22', 8.5, 'worked', NULL),
  (8, '2025-04-23', 8, 'worked', NULL),
  (8, '2025-04-24', 6, 'worked', NULL),
  (8, '2025-04-25', 9, 'worked', NULL),
  (8, '2025-04-26', 8.5, 'worked', NULL),
  (8, '2025-04-28', 8, 'worked', NULL),
  (8, '2025-04-29', 9, 'worked', NULL),
  (8, '2025-04-30', 9, 'worked', NULL),
  (8, '2025-05-05', 9, 'worked', NULL),
  (8, '2025-05-06', 9, 'worked', NULL),
  (8, '2025-05-07', 9, 'worked', NULL),
  (8, '2025-05-08', 8.5, 'worked', NULL),
  (8, '2025-05-09', 9, 'worked', NULL),
  (8, '2025-05-10', NULL, 'leave', NULL),
  (8, '2025-05-12', 9, 'worked', NULL),
  (8, '2025-05-13', 9, 'worked', NULL),
  (8, '2025-05-14', 9, 'worked', NULL),
  (8, '2025-05-15', 8.5, 'worked', NULL),
  (8, '2025-05-16', 9, 'worked', NULL),
  (8, '2025-05-17', 9, 'worked', NULL),
  (8, '2025-05-19', 9, 'worked', NULL),
  (8, '2025-05-20', 9, 'worked', NULL),
  (8, '2025-05-21', 9, 'worked', NULL),
  (8, '2025-05-22', 9, 'worked', NULL),
  (8, '2025-05-23', 9, 'worked', NULL),
  (8, '2025-05-24', 9, 'worked', NULL),
  (8, '2025-05-26', 9, 'worked', NULL),
  (8, '2025-05-27', 9, 'worked', NULL),
  (8, '2025-05-28', 9, 'worked', NULL),
  (8, '2025-05-29', 9, 'worked', NULL),
  (8, '2025-05-30', 9, 'worked', NULL),
  (8, '2025-06-03', 9, 'worked', NULL),
  (8, '2025-06-04', 9, 'worked', NULL),
  (8, '2025-06-05', 3.5, 'worked', NULL),
  (8, '2025-06-06', NULL, 'leave', NULL),
  (8, '2025-06-07', 9, 'worked', NULL),
  (8, '2025-06-09', 9, 'worked', NULL),
  (8, '2025-06-10', 8, 'worked', NULL),
  (8, '2025-06-11', 9, 'worked', NULL),
  (8, '2025-06-12', 8.5, 'worked', NULL),
  (8, '2025-06-13', 8.5, 'worked', NULL),
  (8, '2025-06-14', 4.5, 'worked', NULL),
  (8, '2025-06-15', 9, 'worked', NULL),
  (8, '2025-06-16', 9, 'worked', NULL),
  (8, '2025-06-17', 9, 'worked', NULL),
  (8, '2025-06-18', 6, 'worked', NULL),
  (8, '2025-06-19', 9, 'worked', NULL),
  (8, '2025-06-20', 9, 'worked', NULL),
  (8, '2025-06-21', 0, 'worked', NULL),
  (8, '2025-06-23', 9, 'worked', NULL),
  (8, '2025-06-24', 9, 'worked', NULL),
  (8, '2025-06-25', 9, 'worked', NULL),
  (8, '2025-06-26', 6, 'worked', NULL),
  (8, '2025-06-27', 8.5, 'worked', NULL),
  (8, '2025-06-28', 7, 'worked', NULL),
  (8, '2025-06-30', 9, 'worked', NULL),
  (8, '2025-07-01', 9, 'worked', NULL),
  (8, '2025-07-02', 9, 'worked', NULL),
  (8, '2025-07-03', 9, 'worked', NULL),
  (8, '2025-07-04', 9, 'worked', NULL),
  (8, '2025-07-05', 9, 'worked', NULL),
  (8, '2025-07-07', 9, 'worked', NULL),
  (8, '2025-07-08', 9, 'worked', NULL),
  (8, '2025-07-09', 6, 'worked', NULL),
  (8, '2025-07-10', NULL, 'leave', NULL),
  (8, '2025-07-11', 9, 'worked', NULL),
  (8, '2025-07-12', 9, 'worked', NULL),
  (8, '2025-07-14', 9, 'worked', NULL),
  (8, '2025-07-15', 9, 'worked', NULL),
  (8, '2025-07-16', 8, 'worked', NULL),
  (8, '2025-07-17', 8, 'worked', NULL),
  (8, '2025-07-18', 8, 'worked', NULL),
  (8, '2025-07-19', 4, 'worked', NULL),
  (8, '2025-07-21', 9, 'worked', NULL),
  (8, '2025-07-22', 8, 'worked', NULL),
  (8, '2025-07-23', 9, 'worked', NULL),
  (8, '2025-07-24', 8, 'worked', NULL),
  (8, '2025-07-25', 6, 'worked', NULL),
  (8, '2025-07-26', 0, 'worked', NULL),
  (8, '2025-07-27', 0, 'worked', NULL),
  (8, '2025-07-28', 9, 'worked', NULL),
  (8, '2025-07-29', 7, 'worked', NULL),
  (8, '2025-07-30', 0, 'worked', NULL),
  (8, '2025-07-31', 9, 'worked', NULL),
  (8, '2025-08-01', 7.5, 'worked', NULL),
  (8, '2025-08-02', 8, 'worked', NULL),
  (8, '2025-08-04', 9, 'worked', NULL),
  (8, '2025-08-05', 9, 'worked', NULL),
  (8, '2025-08-06', NULL, 'leave', NULL),
  (8, '2025-08-07', 8.5, 'worked', NULL),
  (8, '2025-08-08', 9, 'worked', NULL),
  (8, '2025-08-09', 9, 'worked', NULL),
  (8, '2025-08-11', 9, 'worked', NULL),
  (8, '2025-08-12', 9, 'worked', NULL),
  (8, '2025-08-13', NULL, 'leave', NULL),
  (8, '2025-08-14', NULL, 'leave', NULL),
  (8, '2025-08-15', 8, 'worked', NULL),
  (8, '2025-08-16', 9, 'worked', NULL),
  (8, '2025-08-18', 9, 'worked', NULL),
  (8, '2025-08-19', 9, 'worked', NULL),
  (8, '2025-08-20', 3.5, 'worked', NULL),
  (8, '2025-08-21', 9, 'worked', NULL),
  (8, '2025-08-22', 8, 'worked', NULL),
  (8, '2025-08-23', 9, 'worked', NULL),
  (8, '2025-08-25', 8, 'worked', NULL),
  (8, '2025-08-26', NULL, 'leave', NULL),
  (8, '2025-08-27', 9, 'worked', NULL),
  (8, '2025-08-28', 8, 'worked', NULL),
  (8, '2025-08-29', 8, 'worked', NULL),
  (8, '2025-08-30', NULL, 'leave', NULL),
  (8, '2025-09-01', 9, 'worked', NULL),
  (8, '2025-09-02', 9, 'worked', NULL),
  (8, '2025-09-03', 8, 'worked', NULL),
  (8, '2025-09-04', NULL, 'leave', NULL),
  (8, '2025-09-05', 8.5, 'worked', NULL),
  (8, '2025-09-06', 8.5, 'worked', NULL),
  (8, '2025-09-08', 9, 'worked', NULL),
  (8, '2025-09-09', 9, 'worked', NULL),
  (8, '2025-09-10', 9, 'worked', NULL),
  (8, '2025-09-11', 8, 'worked', NULL),
  (8, '2025-09-12', NULL, 'leave', NULL),
  (8, '2025-09-13', 9, 'worked', NULL),
  (8, '2025-09-15', 7.5, 'worked', NULL),
  (8, '2025-09-16', 8, 'worked', NULL),
  (8, '2025-09-17', NULL, 'leave', NULL),
  (8, '2025-09-18', NULL, 'leave', NULL),
  (8, '2025-09-19', 8.5, 'worked', NULL),
  (8, '2025-09-20', 8.5, 'worked', NULL),
  (8, '2025-09-22', 8, 'worked', NULL),
  (8, '2025-09-23', NULL, 'leave', NULL),
  (8, '2025-09-24', NULL, 'custom', '台风'),
  (8, '2025-09-25', 9, 'worked', NULL),
  (8, '2025-09-26', 8.5, 'worked', NULL),
  (8, '2025-09-27', 8.5, 'worked', NULL),
  (8, '2025-09-28', NULL, 'leave', NULL),
  (8, '2025-09-29', NULL, 'leave', NULL),
  (8, '2025-09-30', NULL, 'leave', NULL),
  (8, '2025-10-05', 0, 'worked', NULL),
  (8, '2025-10-07', 0, 'worked', NULL),
  (8, '2025-10-08', 9, 'worked', NULL),
  (8, '2025-10-09', 9, 'worked', NULL),
  (8, '2025-10-10', 9, 'worked', NULL),
  (8, '2025-10-11', NULL, 'leave', NULL),
  (8, '2025-10-12', 9, 'worked', NULL),
  (8, '2025-10-13', 3, 'worked', NULL),
  (8, '2025-10-14', NULL, 'leave', NULL),
  (8, '2025-10-15', 9, 'worked', NULL),
  (8, '2025-10-16', 9, 'worked', NULL),
  (8, '2025-10-17', 9, 'worked', NULL),
  (8, '2025-10-18', 8.5, 'worked', NULL),
  (8, '2025-10-19', 0, 'worked', NULL),
  (8, '2025-10-20', 9, 'worked', NULL),
  (8, '2025-10-21', 9, 'worked', NULL),
  (8, '2025-10-22', 9, 'worked', NULL),
  (8, '2025-10-23', 9, 'worked', NULL),
  (8, '2025-10-24', 8, 'worked', NULL),
  (8, '2025-10-25', NULL, 'leave', NULL),
  (8, '2025-10-27', 8.5, 'worked', NULL),
  (8, '2025-10-28', 9, 'worked', NULL),
  (8, '2025-10-29', 9, 'worked', NULL),
  (8, '2025-10-30', 9, 'worked', NULL),
  (8, '2025-10-31', 9, 'worked', NULL),
  (8, '2025-11-01', 2.5, 'worked', NULL),
  (8, '2025-11-03', 9, 'worked', NULL),
  (8, '2025-11-04', 9, 'worked', NULL),
  (8, '2025-11-05', 9, 'worked', NULL),
  (8, '2025-11-06', 9, 'worked', NULL),
  (8, '2025-11-07', 8.5, 'worked', NULL),
  (8, '2025-11-08', 8, 'worked', NULL),
  (8, '2025-11-10', NULL, 'leave', NULL),
  (8, '2025-11-11', 9, 'worked', NULL),
  (8, '2025-11-12', 9, 'worked', NULL),
  (8, '2025-11-13', 9, 'worked', NULL),
  (8, '2025-11-14', 9, 'worked', NULL),
  (8, '2025-11-15', 6.5, 'worked', NULL),
  (8, '2025-11-17', 9, 'worked', NULL),
  (8, '2025-11-18', 9, 'worked', NULL),
  (8, '2025-11-19', 9, 'worked', NULL),
  (8, '2025-11-20', 8, 'worked', NULL),
  (8, '2025-11-21', 8.5, 'worked', NULL),
  (8, '2025-11-22', 9, 'worked', NULL),
  (8, '2025-11-24', 9, 'worked', NULL),
  (8, '2025-11-25', 8, 'worked', NULL),
  (8, '2025-11-26', 8.5, 'worked', NULL),
  (8, '2025-11-27', 9, 'worked', NULL),
  (8, '2025-11-28', 9, 'worked', NULL),
  (8, '2025-11-29', 9, 'worked', NULL),
  (8, '2025-11-30', 0, 'worked', NULL),
  (8, '2025-12-01', 9, 'worked', NULL),
  (8, '2025-12-02', 7, 'worked', NULL),
  (8, '2025-12-03', NULL, 'leave', NULL),
  (8, '2025-12-04', 9, 'worked', NULL),
  (8, '2025-12-05', 7, 'worked', NULL),
  (8, '2025-12-06', NULL, 'leave', NULL),
  (8, '2025-12-08', 9, 'worked', NULL),
  (8, '2025-12-09', 8, 'worked', NULL),
  (8, '2025-12-10', 9, 'worked', NULL),
  (8, '2025-12-11', 9, 'worked', NULL),
  (8, '2025-12-12', NULL, 'leave', NULL),
  (8, '2025-12-13', 9, 'worked', NULL),
  (8, '2025-12-15', 9, 'worked', NULL),
  (8, '2025-12-16', 9, 'worked', NULL),
  (8, '2025-12-17', 8, 'worked', NULL),
  (8, '2025-12-18', 9, 'worked', NULL),
  (8, '2025-12-19', 9, 'worked', NULL),
  (8, '2025-12-20', 8, 'worked', NULL),
  (8, '2025-12-22', 9, 'worked', NULL),
  (8, '2025-12-23', 8, 'worked', NULL),
  (8, '2025-12-24', NULL, 'leave', NULL),
  (8, '2025-12-25', NULL, 'leave', NULL),
  (8, '2025-12-26', 8, 'worked', NULL),
  (8, '2025-12-27', 8, 'worked', NULL),
  (8, '2025-12-29', NULL, 'leave', NULL),
  (8, '2025-12-30', 9, 'worked', NULL),
  (8, '2025-12-31', 9, 'worked', NULL),
  (8, '2026-01-02', 9, 'worked', NULL),
  (8, '2026-01-03', 9, 'worked', NULL),
  (8, '2026-01-05', 8.5, 'worked', NULL),
  (8, '2026-01-06', 9, 'worked', NULL),
  (8, '2026-01-07', 9, 'worked', NULL),
  (8, '2026-01-08', 9, 'worked', NULL),
  (8, '2026-01-09', 10, 'worked', NULL),
  (8, '2026-01-10', NULL, 'leave', NULL),
  (8, '2026-01-11', 0, 'worked', NULL),
  (8, '2026-01-12', 10, 'worked', NULL),
  (8, '2026-01-13', 8.5, 'worked', NULL),
  (8, '2026-01-14', 8.5, 'worked', NULL),
  (8, '2026-01-15', 11, 'worked', NULL),
  (8, '2026-01-16', 9, 'worked', NULL),
  (8, '2026-01-17', 9, 'worked', NULL),
  (8, '2026-01-19', 9, 'worked', NULL),
  (8, '2026-01-20', 8, 'worked', NULL),
  (8, '2026-01-21', 9, 'worked', NULL),
  (8, '2026-01-22', 8, 'worked', NULL),
  (8, '2026-01-23', 9, 'worked', NULL),
  (8, '2026-01-24', 8, 'worked', NULL),
  (8, '2026-01-26', 3, 'worked', NULL),
  (8, '2026-01-27', 8.5, 'worked', NULL),
  (8, '2026-01-28', NULL, 'leave', NULL),
  (8, '2026-01-29', NULL, 'leave', NULL),
  (8, '2026-01-30', NULL, 'leave', NULL),
  (8, '2026-01-31', NULL, 'leave', NULL),
  (8, '2026-02-02', NULL, 'leave', NULL),
  (8, '2026-02-03', NULL, 'leave', NULL),
  (8, '2026-02-04', NULL, 'leave', NULL),
  (8, '2026-02-05', NULL, 'leave', NULL),
  (8, '2026-02-06', NULL, 'leave', NULL),
  (8, '2026-02-07', NULL, 'leave', NULL),
  (8, '2026-02-26', 9, 'worked', NULL),
  (8, '2026-02-27', 7.5, 'worked', NULL),
  (8, '2026-02-28', 9, 'worked', NULL),
  (8, '2026-03-02', 9, 'worked', NULL),
  (8, '2026-03-03', 9, 'worked', NULL),
  (8, '2026-03-04', 9, 'worked', NULL),
  (8, '2026-03-05', 9, 'worked', NULL),
  (8, '2026-03-06', 9, 'worked', NULL),
  (8, '2026-03-07', 9, 'worked', NULL),
  (8, '2026-03-09', 9, 'worked', NULL),
  (8, '2026-03-10', 9, 'worked', NULL),
  (8, '2026-03-11', 7, 'worked', NULL),
  (8, '2026-03-12', 9, 'worked', NULL),
  (8, '2026-03-13', NULL, 'leave', NULL),
  (8, '2026-03-14', 9, 'worked', NULL),
  (8, '2026-03-16', NULL, 'leave', NULL),
  (8, '2026-03-17', 8.5, 'worked', NULL),
  (8, '2026-03-18', 9, 'worked', NULL),
  (8, '2026-03-19', 9, 'worked', NULL),
  (8, '2026-03-20', 9, 'worked', NULL),
  (8, '2026-03-21', 9, 'worked', NULL),
  (8, '2026-03-23', 9, 'worked', NULL),
  (8, '2026-03-24', 9, 'worked', NULL),
  (8, '2026-03-25', 9, 'worked', NULL),
  (8, '2026-03-26', 3.5, 'worked', NULL),
  (8, '2026-03-27', 9, 'worked', NULL),
  (8, '2026-03-28', 9, 'worked', NULL),
  (8, '2026-03-30', 9, 'worked', NULL),
  (8, '2026-03-31', 9, 'worked', NULL),
  (8, '2026-04-01', 9, 'worked', NULL),
  (8, '2026-04-02', 8, 'worked', NULL),
  (8, '2026-04-03', 9, 'worked', NULL),
  (8, '2026-04-04', 9, 'worked', NULL),
  (8, '2026-04-07', NULL, 'leave', NULL),
  (8, '2026-04-08', 9, 'worked', NULL),
  (8, '2026-04-09', 9, 'worked', NULL),
  (8, '2026-04-10', 8, 'worked', NULL),
  (8, '2026-04-11', 9, 'worked', NULL),
  (8, '2026-04-13', 9, 'worked', NULL),
  (8, '2026-04-14', 9, 'worked', NULL),
  (8, '2026-04-15', 9, 'worked', NULL),
  (8, '2026-04-16', 8, 'worked', NULL),
  (8, '2026-04-17', NULL, 'leave', NULL),
  (8, '2026-04-18', 9, 'worked', NULL),
  (8, '2026-04-20', 9, 'worked', NULL),
  (8, '2026-04-21', 9, 'worked', NULL),
  (8, '2026-04-22', 8, 'worked', NULL),
  (8, '2026-04-23', 9, 'worked', NULL),
  (8, '2026-04-24', 8, 'worked', NULL),
  (8, '2026-04-25', 9, 'worked', NULL),
  (8, '2026-04-27', 9, 'worked', NULL),
  (8, '2026-04-28', 9, 'worked', NULL),
  (8, '2026-04-29', 9, 'worked', NULL),
  (8, '2026-04-30', 9, 'worked', NULL),
  (8, '2026-05-07', NULL, 'leave', NULL),
  (8, '2026-05-08', 9, 'worked', NULL),
  (8, '2026-05-09', 9, 'worked', NULL),
  (8, '2026-05-10', 8, 'worked', NULL),
  (8, '2026-05-11', 9, 'worked', NULL),
  (8, '2026-05-13', 9, 'worked', NULL),
  (8, '2026-05-14', 9, 'worked', NULL),
  (8, '2026-05-15', 9, 'worked', NULL),
  (8, '2026-05-16', 8, 'worked', NULL),
  (8, '2026-05-17', NULL, 'leave', NULL),
  (8, '2026-05-18', 9, 'worked', NULL),
  (8, '2026-05-20', 9, 'worked', NULL),
  (8, '2026-05-21', 9, 'worked', NULL),
  (8, '2026-05-22', 8, 'worked', NULL),
  (8, '2026-05-23', 9, 'worked', NULL),
  (8, '2026-05-24', 8, 'worked', NULL),
  (8, '2026-05-25', 9, 'worked', NULL),
  (8, '2026-05-27', 9, 'worked', NULL),
  (8, '2026-05-28', 9, 'worked', NULL),
  (8, '2026-05-29', 9, 'worked', NULL),
  (8, '2026-05-30', 9, 'worked', NULL),
  (9, '2025-09-05', 9, 'worked', NULL),
  (9, '2025-09-06', 0, 'worked', NULL),
  (9, '2025-09-07', 0, 'worked', NULL),
  (9, '2025-09-08', 0, 'worked', NULL),
  (9, '2025-09-09', 3.5, 'worked', NULL),
  (9, '2025-09-10', 6, 'worked', NULL),
  (9, '2025-09-11', 0, 'worked', NULL),
  (9, '2025-09-12', 8.5, 'worked', NULL),
  (9, '2025-09-13', 0, 'worked', NULL),
  (9, '2025-09-15', 0, 'worked', NULL),
  (9, '2025-09-16', 0, 'worked', NULL),
  (9, '2025-09-17', 3.5, 'worked', NULL),
  (9, '2025-09-18', 4, 'worked', NULL),
  (9, '2025-09-19', 7, 'worked', NULL),
  (9, '2025-09-20', 0, 'worked', NULL),
  (9, '2025-09-21', 0, 'worked', NULL),
  (9, '2025-09-22', 0, 'worked', NULL),
  (9, '2025-09-23', 0, 'worked', NULL),
  (9, '2025-10-14', 6, 'worked', NULL),
  (9, '2025-10-15', 7, 'worked', NULL),
  (9, '2025-10-16', 9, 'worked', NULL),
  (9, '2025-10-17', 7, 'worked', NULL),
  (9, '2025-10-18', 3, 'worked', NULL),
  (9, '2025-10-19', 0, 'worked', NULL),
  (9, '2025-10-20', 7, 'worked', NULL),
  (9, '2025-10-21', 8, 'worked', NULL),
  (9, '2025-10-22', 0, 'worked', NULL),
  (9, '2025-10-23', 0, 'worked', NULL),
  (9, '2025-10-24', 0, 'worked', NULL),
  (9, '2025-10-25', 0, 'worked', NULL),
  (9, '2025-10-27', 0, 'worked', NULL),
  (10, '2024-03-11', 8, 'worked', NULL),
  (10, '2024-03-12', 8, 'worked', NULL),
  (10, '2024-03-13', 8, 'worked', NULL),
  (10, '2024-03-14', 8, 'worked', NULL),
  (10, '2024-03-15', 8, 'worked', NULL),
  (10, '2024-03-16', 8, 'worked', NULL),
  (10, '2024-03-18', 8, 'worked', NULL),
  (10, '2024-03-19', 8, 'worked', NULL),
  (10, '2024-03-20', 8, 'worked', NULL),
  (10, '2024-03-21', 8, 'worked', NULL),
  (10, '2024-03-22', 8, 'worked', NULL),
  (10, '2024-03-23', 8, 'worked', NULL),
  (10, '2024-03-25', 7, 'worked', NULL),
  (10, '2024-03-26', 8, 'worked', NULL),
  (10, '2024-03-27', 8, 'worked', NULL),
  (10, '2024-03-28', 8, 'worked', NULL),
  (10, '2024-03-29', 8, 'worked', NULL),
  (10, '2024-03-30', 8, 'worked', NULL),
  (10, '2024-06-01', 8, 'worked', NULL),
  (10, '2024-06-03', 8, 'worked', NULL),
  (10, '2024-06-04', 8, 'worked', NULL),
  (10, '2024-06-05', 8, 'worked', NULL),
  (10, '2024-06-06', 8, 'worked', NULL),
  (10, '2024-06-07', 8, 'worked', NULL),
  (10, '2024-06-08', 8, 'worked', NULL),
  (10, '2024-06-11', 8, 'worked', NULL),
  (10, '2024-06-12', 8, 'worked', NULL),
  (10, '2024-06-13', 8, 'worked', NULL),
  (10, '2024-06-14', 8, 'worked', NULL),
  (10, '2024-06-15', 8, 'worked', NULL),
  (10, '2024-06-17', 8, 'worked', NULL),
  (10, '2024-06-18', 8, 'worked', NULL),
  (10, '2024-06-19', 8, 'worked', NULL),
  (10, '2024-06-20', 8, 'worked', NULL),
  (10, '2024-06-21', 8, 'worked', NULL),
  (10, '2024-06-22', 8, 'worked', NULL),
  (10, '2024-06-24', 3.5, 'worked', NULL),
  (10, '2024-06-25', 8, 'worked', NULL),
  (10, '2024-06-26', 7.5, 'worked', NULL),
  (10, '2024-06-27', 8, 'worked', NULL),
  (10, '2024-06-28', 8, 'worked', NULL),
  (10, '2024-06-29', 8, 'worked', NULL),
  (10, '2024-07-01', 8, 'worked', NULL),
  (10, '2024-07-02', 8, 'worked', NULL),
  (10, '2024-07-03', 8, 'worked', NULL),
  (10, '2024-07-04', 9, 'worked', NULL),
  (10, '2024-07-05', 8, 'worked', NULL),
  (10, '2024-07-06', 8, 'worked', NULL),
  (10, '2024-07-08', 8, 'worked', NULL),
  (10, '2024-07-09', 8, 'worked', NULL),
  (10, '2024-07-10', 8, 'worked', NULL),
  (10, '2024-07-11', 8, 'worked', NULL),
  (10, '2024-07-12', 8, 'worked', NULL),
  (10, '2024-07-13', 8, 'worked', NULL),
  (10, '2024-07-15', 8, 'worked', NULL),
  (10, '2024-07-16', 8, 'worked', NULL),
  (10, '2024-07-17', 8, 'worked', NULL),
  (10, '2024-07-18', 8, 'worked', NULL),
  (10, '2024-07-19', 8, 'worked', NULL),
  (10, '2024-07-20', 8, 'worked', NULL),
  (10, '2024-07-22', 8, 'worked', NULL),
  (10, '2024-07-23', 8, 'worked', NULL),
  (10, '2024-07-24', 8, 'worked', NULL),
  (10, '2024-07-25', 8, 'worked', NULL),
  (10, '2024-07-26', 8, 'worked', NULL),
  (10, '2024-07-27', 8, 'worked', NULL),
  (10, '2024-07-29', 8, 'worked', NULL),
  (10, '2024-07-30', 8, 'worked', NULL),
  (10, '2024-07-31', 8, 'worked', NULL),
  (10, '2023-04-01', 8, 'worked', NULL),
  (10, '2023-04-02', 8, 'worked', NULL),
  (10, '2023-04-03', 8, 'worked', NULL),
  (10, '2023-04-04', 8, 'worked', NULL),
  (10, '2023-04-05', 8, 'worked', NULL),
  (10, '2023-04-07', 8, 'worked', NULL),
  (10, '2023-04-08', 8, 'worked', NULL),
  (10, '2023-04-09', 8, 'worked', NULL),
  (10, '2023-04-10', 8, 'worked', NULL),
  (10, '2023-04-11', 8, 'worked', NULL),
  (10, '2023-04-12', 8, 'worked', NULL),
  (10, '2023-04-14', 8, 'worked', NULL),
  (10, '2023-04-15', 8, 'worked', NULL),
  (10, '2023-04-16', 8, 'worked', NULL),
  (10, '2023-04-17', 8, 'worked', NULL),
  (10, '2023-04-18', 8, 'worked', NULL),
  (10, '2023-04-19', 8, 'worked', NULL),
  (10, '2023-04-20', 8, 'worked', NULL),
  (10, '2023-04-22', 8, 'worked', NULL),
  (10, '2023-04-23', 8, 'worked', NULL),
  (10, '2023-04-24', 8, 'worked', NULL),
  (10, '2023-04-25', 8, 'worked', NULL),
  (10, '2023-04-26', 8, 'worked', NULL),
  (10, '2023-04-27', 8, 'worked', NULL),
  (10, '2023-04-29', 8, 'worked', NULL),
  (10, '2023-04-30', 8, 'worked', NULL),
  (10, '2024-04-01', 8, 'worked', NULL),
  (10, '2024-04-02', 8, 'worked', NULL),
  (10, '2024-04-03', 8, 'worked', NULL),
  (10, '2024-04-04', NULL, 'holiday', NULL),
  (10, '2024-04-05', NULL, 'holiday', NULL),
  (10, '2024-04-06', NULL, 'holiday', NULL),
  (10, '2024-04-07', 8, 'worked', NULL),
  (10, '2024-04-08', 8, 'worked', NULL),
  (10, '2024-04-09', 8, 'worked', NULL),
  (10, '2024-04-10', 8, 'worked', NULL),
  (10, '2024-04-11', 8, 'worked', NULL),
  (10, '2024-04-12', 8, 'worked', NULL),
  (10, '2024-04-13', 8, 'worked', NULL),
  (10, '2024-04-14', 0, 'worked', NULL),
  (10, '2024-04-15', 8, 'worked', NULL),
  (10, '2024-04-16', 8, 'worked', NULL),
  (10, '2024-04-17', 8, 'worked', NULL),
  (10, '2024-04-18', 8, 'worked', NULL),
  (10, '2024-04-19', 8, 'worked', NULL),
  (10, '2024-04-20', 8, 'worked', NULL),
  (10, '2024-04-21', 0, 'worked', NULL),
  (10, '2024-04-22', 8, 'worked', NULL),
  (10, '2024-04-23', 8, 'worked', NULL),
  (10, '2024-04-24', 8, 'worked', NULL),
  (10, '2024-04-25', 8, 'worked', NULL),
  (10, '2024-04-26', 8, 'worked', NULL),
  (10, '2024-04-27', 8, 'worked', NULL),
  (10, '2024-04-29', 8, 'worked', NULL),
  (10, '2024-04-30', 8, 'worked', NULL),
  (10, '2024-05-06', 8, 'worked', NULL),
  (10, '2024-05-07', 8, 'worked', NULL),
  (10, '2024-05-08', 8, 'worked', NULL),
  (10, '2024-05-09', 8, 'worked', NULL),
  (10, '2024-05-10', 8, 'worked', NULL),
  (10, '2024-05-11', 8, 'worked', NULL),
  (10, '2024-05-13', 8, 'worked', NULL),
  (10, '2024-05-14', 8, 'worked', NULL),
  (10, '2024-05-15', 8, 'worked', NULL),
  (10, '2024-05-16', 8, 'worked', NULL),
  (10, '2024-05-17', 8, 'worked', NULL),
  (10, '2024-05-18', 8, 'worked', NULL),
  (10, '2024-05-20', 8, 'worked', NULL),
  (10, '2024-05-21', 8, 'worked', NULL),
  (10, '2024-05-22', 8, 'worked', NULL),
  (10, '2024-05-23', 8, 'worked', NULL),
  (10, '2024-05-24', 8, 'worked', NULL),
  (10, '2024-05-25', 8, 'worked', NULL),
  (10, '2024-05-27', 8, 'worked', NULL),
  (10, '2024-05-28', 8, 'worked', NULL),
  (10, '2024-05-29', 8, 'worked', NULL),
  (10, '2024-05-30', 8, 'worked', NULL),
  (10, '2024-05-31', 8, 'worked', NULL),
  (10, '2024-08-01', 8, 'worked', NULL),
  (10, '2024-08-02', 8, 'worked', NULL),
  (10, '2024-08-03', 8, 'worked', NULL),
  (10, '2024-08-04', 0, 'worked', NULL),
  (10, '2024-08-05', 8, 'worked', NULL),
  (10, '2024-08-06', 8, 'worked', NULL),
  (10, '2024-08-07', 8, 'worked', NULL),
  (10, '2024-08-08', 8, 'worked', NULL),
  (10, '2024-08-09', 8, 'worked', NULL),
  (10, '2024-08-10', 8, 'worked', NULL),
  (10, '2024-08-12', 8, 'worked', NULL),
  (10, '2024-08-13', 8, 'worked', NULL),
  (10, '2024-08-14', 8, 'worked', NULL),
  (10, '2024-08-15', 8, 'worked', NULL),
  (10, '2024-08-16', 8, 'worked', NULL),
  (10, '2024-08-17', 8, 'worked', NULL),
  (10, '2024-08-19', 8, 'worked', NULL),
  (10, '2024-08-20', 8, 'worked', NULL),
  (10, '2024-08-21', 8, 'worked', NULL),
  (10, '2024-08-22', 8, 'worked', NULL),
  (10, '2024-08-23', 8, 'worked', NULL),
  (10, '2024-08-24', 8, 'worked', NULL),
  (10, '2024-08-26', 8, 'worked', NULL),
  (10, '2024-08-27', 8, 'worked', NULL),
  (10, '2024-08-28', 8, 'worked', NULL),
  (10, '2024-08-29', 8, 'worked', NULL),
  (10, '2024-08-30', 8, 'worked', NULL),
  (10, '2024-08-31', 8, 'worked', NULL),
  (10, '2024-09-02', 8, 'worked', NULL),
  (10, '2024-09-03', 8, 'worked', NULL),
  (10, '2024-09-04', 8, 'worked', NULL),
  (10, '2024-09-05', 8, 'worked', NULL),
  (10, '2024-09-06', 8, 'worked', NULL),
  (10, '2024-09-07', 8, 'worked', NULL),
  (10, '2024-09-09', 8, 'worked', NULL),
  (10, '2024-09-10', 8, 'worked', NULL),
  (10, '2024-09-11', 8, 'worked', NULL),
  (10, '2024-09-12', 8, 'worked', NULL),
  (10, '2024-09-13', 7, 'worked', NULL),
  (10, '2024-09-14', 8, 'worked', NULL),
  (10, '2024-09-15', NULL, 'holiday', NULL),
  (10, '2024-09-16', NULL, 'holiday', NULL),
  (10, '2024-09-17', NULL, 'holiday', NULL),
  (10, '2024-09-18', 8, 'worked', NULL),
  (10, '2024-09-19', 8, 'worked', NULL),
  (10, '2024-09-20', 8, 'worked', NULL),
  (10, '2024-09-21', 8, 'worked', NULL),
  (10, '2024-09-23', 8, 'worked', NULL),
  (10, '2024-09-24', 8, 'worked', NULL),
  (10, '2024-09-25', 8, 'worked', NULL),
  (10, '2024-09-26', 8, 'worked', NULL),
  (10, '2024-09-27', 8, 'worked', NULL),
  (10, '2024-09-29', 8, 'worked', NULL),
  (10, '2024-09-30', 8, 'worked', NULL),
  (10, '2024-10-06', 8, 'worked', NULL),
  (10, '2024-10-07', 8, 'worked', NULL),
  (10, '2024-10-08', 8, 'worked', NULL),
  (10, '2024-10-09', 8, 'worked', NULL),
  (10, '2024-10-10', 8, 'worked', NULL),
  (10, '2024-10-11', 8, 'worked', NULL),
  (10, '2024-10-12', 8, 'worked', NULL),
  (10, '2024-10-14', 8, 'worked', NULL),
  (10, '2024-10-15', 8, 'worked', NULL),
  (10, '2024-10-16', 8, 'worked', NULL),
  (10, '2024-10-17', 8, 'worked', NULL),
  (10, '2024-10-18', 8, 'worked', NULL),
  (10, '2024-10-19', 8, 'worked', NULL),
  (10, '2024-10-21', 8, 'worked', NULL),
  (10, '2024-10-22', 8, 'worked', NULL),
  (10, '2024-10-23', 8, 'worked', NULL),
  (10, '2024-10-24', 8, 'worked', NULL),
  (10, '2024-10-25', 8, 'worked', NULL),
  (10, '2024-10-26', 8, 'worked', NULL),
  (10, '2024-10-28', 8, 'worked', NULL),
  (10, '2024-10-29', 8, 'worked', NULL),
  (10, '2024-10-30', 8, 'worked', NULL),
  (10, '2024-10-31', 8, 'worked', NULL),
  (10, '2024-11-01', 8, 'worked', NULL),
  (10, '2024-11-02', 8, 'worked', NULL),
  (10, '2024-11-04', NULL, 'leave', NULL),
  (10, '2024-11-05', NULL, 'leave', NULL),
  (10, '2024-11-06', NULL, 'leave', NULL),
  (10, '2024-11-07', NULL, 'leave', NULL),
  (10, '2024-11-08', NULL, 'leave', NULL),
  (10, '2024-11-09', NULL, 'leave', NULL),
  (10, '2024-11-10', NULL, 'leave', NULL),
  (10, '2024-11-11', NULL, 'leave', NULL),
  (10, '2024-11-12', NULL, 'leave', NULL),
  (10, '2024-11-13', NULL, 'leave', NULL),
  (10, '2024-11-14', 8, 'worked', NULL),
  (10, '2024-11-15', 8, 'worked', NULL),
  (10, '2024-11-16', 8, 'worked', NULL),
  (10, '2024-11-18', 8, 'worked', NULL),
  (10, '2024-11-19', 8, 'worked', NULL),
  (10, '2024-11-20', 8, 'worked', NULL),
  (10, '2024-11-21', 8, 'worked', NULL),
  (10, '2024-11-22', 8, 'worked', NULL),
  (10, '2024-11-23', 8, 'worked', NULL),
  (10, '2024-11-25', 8, 'worked', NULL),
  (10, '2024-11-26', 4.5, 'worked', NULL),
  (10, '2024-11-27', 5.5, 'worked', NULL),
  (10, '2024-11-28', 8, 'worked', NULL),
  (10, '2024-11-29', 8, 'worked', NULL),
  (10, '2024-11-30', 8, 'worked', NULL),
  (10, '2024-12-02', 8, 'worked', NULL),
  (10, '2024-12-03', 8, 'worked', NULL),
  (10, '2024-12-04', 8, 'worked', NULL),
  (10, '2024-12-05', 8, 'worked', NULL),
  (10, '2024-12-06', 8, 'worked', NULL),
  (10, '2024-12-07', 8, 'worked', NULL),
  (10, '2024-12-09', 8, 'worked', NULL),
  (10, '2024-12-10', 8, 'worked', NULL),
  (10, '2024-12-11', 8, 'worked', NULL),
  (10, '2024-12-12', 8, 'worked', NULL),
  (10, '2024-12-13', 8, 'worked', NULL),
  (10, '2024-12-14', 8, 'worked', NULL),
  (10, '2024-12-16', 8, 'worked', NULL),
  (10, '2024-12-17', 8, 'worked', NULL),
  (10, '2024-12-18', 8, 'worked', NULL),
  (10, '2024-12-19', 8, 'worked', NULL),
  (10, '2024-12-20', 8, 'worked', NULL),
  (10, '2024-12-21', 8, 'worked', NULL),
  (10, '2024-12-23', 8, 'worked', NULL),
  (10, '2024-12-24', 8, 'worked', NULL),
  (10, '2024-12-25', 8, 'worked', NULL),
  (10, '2024-12-26', 8, 'worked', NULL),
  (10, '2024-12-27', 8, 'worked', NULL),
  (10, '2024-12-28', 8, 'worked', NULL),
  (10, '2024-12-30', 8, 'worked', NULL),
  (10, '2024-12-31', 8, 'worked', NULL),
  (10, '2025-01-02', 8, 'worked', NULL),
  (10, '2025-01-03', 8, 'worked', NULL),
  (10, '2025-01-04', 8, 'worked', NULL),
  (10, '2025-01-06', 8, 'worked', NULL),
  (10, '2025-01-07', 8, 'worked', NULL),
  (10, '2025-01-08', 8, 'worked', NULL),
  (10, '2025-01-09', 8, 'worked', NULL),
  (10, '2025-01-10', 8, 'worked', NULL),
  (10, '2025-01-11', 8, 'worked', NULL),
  (10, '2025-01-13', 8, 'worked', NULL),
  (10, '2025-01-14', 8, 'worked', NULL),
  (10, '2025-01-15', 8, 'worked', NULL),
  (10, '2025-01-16', 8, 'worked', NULL),
  (10, '2025-01-17', 8, 'worked', NULL),
  (10, '2025-01-18', 8, 'worked', NULL),
  (10, '2025-02-10', NULL, 'leave', NULL),
  (10, '2025-02-11', NULL, 'leave', NULL),
  (10, '2025-02-12', 8, 'worked', NULL),
  (10, '2025-02-13', 8, 'worked', NULL),
  (10, '2025-02-14', 8, 'worked', NULL),
  (10, '2025-02-15', 8, 'worked', NULL),
  (10, '2025-02-17', 8, 'worked', NULL),
  (10, '2025-02-18', 8, 'worked', NULL),
  (10, '2025-02-19', 8, 'worked', NULL),
  (10, '2025-02-20', 8, 'worked', NULL),
  (10, '2025-02-21', 8, 'worked', NULL),
  (10, '2025-02-22', 8, 'worked', NULL),
  (10, '2025-02-24', 8, 'worked', NULL),
  (10, '2025-02-25', 8, 'worked', NULL),
  (10, '2025-02-26', 8, 'worked', NULL),
  (10, '2025-02-27', 8, 'worked', NULL),
  (10, '2025-02-28', 8, 'worked', NULL),
  (10, '2025-03-01', 8, 'worked', NULL),
  (10, '2025-03-03', 8, 'worked', NULL),
  (10, '2025-03-04', 8, 'worked', NULL),
  (10, '2025-03-05', 8, 'worked', NULL),
  (10, '2025-03-06', 8, 'worked', NULL),
  (10, '2025-03-07', 8, 'worked', NULL),
  (10, '2025-03-08', 8, 'worked', NULL),
  (10, '2025-03-10', 8, 'worked', NULL),
  (10, '2025-03-11', 8, 'worked', NULL),
  (10, '2025-03-12', 8, 'worked', NULL),
  (10, '2025-03-13', 8, 'worked', NULL),
  (10, '2025-03-14', 8, 'worked', NULL),
  (10, '2025-03-15', 8, 'worked', NULL),
  (10, '2025-03-17', 8, 'worked', NULL),
  (10, '2025-03-18', 8, 'worked', NULL),
  (10, '2025-03-19', 8, 'worked', NULL),
  (10, '2025-03-20', 8, 'worked', NULL),
  (10, '2025-03-21', 8, 'worked', NULL),
  (10, '2025-03-22', 8, 'worked', NULL),
  (10, '2025-03-24', 8, 'worked', NULL),
  (10, '2025-03-25', 8, 'worked', NULL),
  (10, '2025-03-26', 8, 'worked', NULL),
  (10, '2025-03-27', 8, 'worked', NULL),
  (10, '2025-03-28', 8, 'worked', NULL),
  (10, '2025-03-29', 8, 'worked', NULL),
  (10, '2025-03-31', 8, 'worked', NULL),
  (10, '2025-04-01', 8, 'worked', NULL),
  (10, '2025-04-02', 8, 'worked', NULL),
  (10, '2025-04-03', 8, 'worked', NULL),
  (10, '2025-04-07', 8, 'worked', NULL),
  (10, '2025-04-08', 8, 'worked', NULL),
  (10, '2025-04-09', 8, 'worked', NULL),
  (10, '2025-04-10', 8, 'worked', NULL),
  (10, '2025-04-11', 8, 'worked', NULL),
  (10, '2025-04-12', 8, 'worked', NULL),
  (10, '2025-04-14', 8, 'worked', NULL),
  (10, '2025-04-15', 8, 'worked', NULL),
  (10, '2025-04-16', 8, 'worked', NULL),
  (10, '2025-04-17', 8, 'worked', NULL),
  (10, '2025-04-18', 8, 'worked', NULL),
  (10, '2025-04-19', 8, 'worked', NULL),
  (10, '2025-04-21', 8, 'worked', NULL),
  (10, '2025-04-22', 8, 'worked', NULL),
  (10, '2025-04-23', 8, 'worked', NULL),
  (10, '2025-04-24', 8, 'worked', NULL),
  (10, '2025-04-25', 8, 'worked', NULL),
  (10, '2025-04-26', 8, 'worked', NULL),
  (10, '2025-04-28', 8, 'worked', NULL),
  (10, '2025-04-29', 8, 'worked', NULL),
  (10, '2025-04-30', 8, 'worked', NULL),
  (10, '2025-05-05', 8, 'worked', NULL),
  (10, '2025-05-06', 8, 'worked', NULL),
  (10, '2025-05-07', 8, 'worked', NULL),
  (10, '2025-05-08', 8, 'worked', NULL),
  (10, '2025-05-09', 8, 'worked', NULL),
  (10, '2025-05-10', 8, 'worked', NULL),
  (10, '2025-05-12', 8, 'worked', NULL),
  (10, '2025-05-13', 8, 'worked', NULL),
  (10, '2025-05-14', 8, 'worked', NULL),
  (10, '2025-05-15', 8, 'worked', NULL),
  (10, '2025-05-16', 8, 'worked', NULL),
  (10, '2025-05-17', 8, 'worked', NULL),
  (10, '2025-05-19', 8, 'worked', NULL),
  (10, '2025-05-20', 8, 'worked', NULL),
  (10, '2025-05-21', 8, 'worked', NULL),
  (10, '2025-05-22', 8, 'worked', NULL),
  (10, '2025-05-23', 8, 'worked', NULL),
  (10, '2025-05-24', 8, 'worked', NULL),
  (10, '2025-05-26', 8, 'worked', NULL),
  (10, '2025-05-27', 8, 'worked', NULL),
  (10, '2025-05-28', 8, 'worked', NULL),
  (10, '2025-05-29', 8, 'worked', NULL),
  (10, '2025-05-30', 8, 'worked', NULL),
  (10, '2025-06-03', 8, 'worked', NULL),
  (10, '2025-06-04', 8, 'worked', NULL),
  (10, '2025-06-05', 8, 'worked', NULL),
  (10, '2025-06-06', 8, 'worked', NULL),
  (10, '2025-06-07', 8, 'worked', NULL),
  (10, '2025-06-09', 8, 'worked', NULL),
  (10, '2025-06-10', 8, 'worked', NULL),
  (10, '2025-06-11', 8, 'worked', NULL),
  (10, '2025-06-12', 8, 'worked', NULL),
  (10, '2025-06-13', 8, 'worked', NULL),
  (10, '2025-06-14', 4.5, 'worked', NULL),
  (10, '2025-06-15', 8, 'worked', NULL),
  (10, '2025-06-16', 8, 'worked', NULL),
  (10, '2025-06-17', 8, 'worked', NULL),
  (10, '2025-06-18', 8, 'worked', NULL),
  (10, '2025-06-19', 8, 'worked', NULL),
  (10, '2025-06-20', 8, 'worked', NULL),
  (10, '2025-06-21', 8, 'worked', NULL),
  (10, '2025-06-23', 8, 'worked', NULL),
  (10, '2025-06-24', 8, 'worked', NULL),
  (10, '2025-06-25', 8, 'worked', NULL),
  (10, '2025-06-26', 8, 'worked', NULL),
  (10, '2025-06-27', 8, 'worked', NULL),
  (10, '2025-06-28', 8, 'worked', NULL),
  (10, '2025-06-30', 8, 'worked', NULL),
  (10, '2025-07-01', 8, 'worked', NULL),
  (10, '2025-07-02', 8, 'worked', NULL),
  (10, '2025-07-03', 8, 'worked', NULL),
  (10, '2025-07-04', 8, 'worked', NULL),
  (10, '2025-07-05', 8, 'worked', NULL),
  (10, '2025-07-07', 8, 'worked', NULL),
  (10, '2025-07-08', 8, 'worked', NULL),
  (10, '2025-07-09', 8, 'worked', NULL),
  (10, '2025-07-10', 8, 'worked', NULL),
  (10, '2025-07-11', 8, 'worked', NULL),
  (10, '2025-07-12', 8, 'worked', NULL),
  (10, '2025-07-14', 8, 'worked', NULL),
  (10, '2025-07-15', 8, 'worked', NULL),
  (10, '2025-07-16', 8, 'worked', NULL),
  (10, '2025-07-17', 8, 'worked', NULL),
  (10, '2025-07-18', 8, 'worked', NULL),
  (10, '2025-07-19', 8, 'worked', NULL),
  (10, '2025-07-21', 8, 'worked', NULL),
  (10, '2025-07-22', 8, 'worked', NULL),
  (10, '2025-07-23', 8, 'worked', NULL),
  (10, '2025-07-24', NULL, 'leave', NULL),
  (10, '2025-07-25', NULL, 'leave', NULL),
  (10, '2025-07-26', NULL, 'leave', NULL),
  (10, '2025-07-27', NULL, 'leave', NULL),
  (10, '2025-07-28', NULL, 'leave', NULL),
  (10, '2025-07-29', NULL, 'leave', NULL),
  (10, '2025-07-30', NULL, 'leave', NULL),
  (10, '2025-07-31', NULL, 'leave', NULL),
  (10, '2025-08-01', 0, 'worked', NULL),
  (10, '2025-08-02', 0, 'worked', NULL),
  (10, '2025-08-04', 0, 'worked', NULL),
  (10, '2025-08-05', 0, 'worked', NULL),
  (10, '2025-08-06', 0, 'worked', NULL),
  (10, '2025-08-07', 0, 'worked', NULL),
  (10, '2025-08-08', 8, 'worked', NULL),
  (10, '2025-08-09', 8, 'worked', NULL),
  (10, '2025-08-11', 8, 'worked', NULL),
  (10, '2025-08-12', 8, 'worked', NULL),
  (10, '2025-08-13', 8, 'worked', NULL),
  (10, '2025-08-14', 8, 'worked', NULL),
  (10, '2025-08-15', 8, 'worked', NULL),
  (10, '2025-08-16', 8, 'worked', NULL),
  (10, '2025-08-18', 8, 'worked', NULL),
  (10, '2025-08-19', 8, 'worked', NULL),
  (10, '2025-08-20', 8, 'worked', NULL),
  (10, '2025-08-21', 8, 'worked', NULL),
  (10, '2025-08-22', 8, 'worked', NULL),
  (10, '2025-08-23', 8, 'worked', NULL),
  (10, '2025-08-25', 8, 'worked', NULL),
  (10, '2025-08-26', 8, 'worked', NULL),
  (10, '2025-08-27', 8, 'worked', NULL),
  (10, '2025-08-28', 8, 'worked', NULL),
  (10, '2025-08-29', 8, 'worked', NULL),
  (10, '2025-08-30', 8, 'worked', NULL),
  (10, '2025-09-01', 8, 'worked', NULL),
  (10, '2025-09-02', 8, 'worked', NULL),
  (10, '2025-09-03', 8, 'worked', NULL),
  (10, '2025-09-04', 8, 'worked', NULL),
  (10, '2025-09-05', 8, 'worked', NULL),
  (10, '2025-09-06', 8, 'worked', NULL),
  (10, '2025-09-08', 8, 'worked', NULL),
  (10, '2025-09-09', 8, 'worked', NULL),
  (10, '2025-09-10', 8, 'worked', NULL),
  (10, '2025-09-11', 8, 'worked', NULL),
  (10, '2025-09-12', 8, 'worked', NULL),
  (10, '2025-09-13', 8, 'worked', NULL),
  (10, '2025-09-15', 8, 'worked', NULL),
  (10, '2025-09-16', 8, 'worked', NULL),
  (10, '2025-09-17', 8, 'worked', NULL),
  (10, '2025-09-18', 8, 'worked', NULL),
  (10, '2025-09-19', 8, 'worked', NULL),
  (10, '2025-09-20', 8, 'worked', NULL),
  (10, '2025-09-22', 8, 'worked', NULL),
  (10, '2025-09-23', 8, 'worked', NULL),
  (10, '2025-09-24', NULL, 'custom', '台风'),
  (10, '2025-09-25', 8, 'worked', NULL),
  (10, '2025-09-26', 8, 'worked', NULL),
  (10, '2025-09-27', 8, 'worked', NULL),
  (10, '2025-09-28', 8, 'worked', NULL),
  (10, '2025-09-29', 8, 'worked', NULL),
  (10, '2025-09-30', 8, 'worked', NULL),
  (10, '2025-10-05', 5.5, 'worked', NULL),
  (10, '2025-10-07', 9, 'worked', NULL),
  (10, '2025-10-08', 8, 'worked', NULL),
  (10, '2025-10-09', 8, 'worked', NULL),
  (10, '2025-10-10', 8, 'worked', NULL),
  (10, '2025-10-11', 8, 'worked', NULL),
  (10, '2025-10-12', 8, 'worked', NULL),
  (10, '2025-10-13', NULL, 'leave', NULL),
  (10, '2025-10-14', 8, 'worked', NULL),
  (10, '2025-10-15', 8, 'worked', NULL),
  (10, '2025-10-16', 8, 'worked', NULL),
  (10, '2025-10-17', 8, 'worked', NULL),
  (10, '2025-10-18', 8, 'worked', NULL),
  (10, '2025-10-19', 0, 'worked', NULL),
  (10, '2025-10-20', 8, 'worked', NULL),
  (10, '2025-10-21', 8, 'worked', NULL),
  (10, '2025-10-22', 8, 'worked', NULL),
  (10, '2025-10-23', 8, 'worked', NULL),
  (10, '2025-10-24', 8, 'worked', NULL),
  (10, '2025-10-25', 8, 'worked', NULL),
  (10, '2025-10-27', 8, 'worked', NULL),
  (10, '2025-10-28', 8, 'worked', NULL),
  (10, '2025-10-29', 8, 'worked', NULL),
  (10, '2025-10-30', 8, 'worked', NULL),
  (10, '2025-10-31', 8, 'worked', NULL),
  (10, '2025-11-01', 8, 'worked', NULL),
  (10, '2025-11-03', 8, 'worked', NULL),
  (10, '2025-11-04', 8, 'worked', NULL),
  (10, '2025-11-05', 8, 'worked', NULL),
  (10, '2025-11-06', 8, 'worked', NULL),
  (10, '2025-11-07', 8, 'worked', NULL),
  (10, '2025-11-08', 8, 'worked', NULL),
  (10, '2025-11-10', 8, 'worked', NULL),
  (10, '2025-11-11', 8, 'worked', NULL),
  (10, '2025-11-12', 8, 'worked', NULL),
  (10, '2025-11-13', 8, 'worked', NULL),
  (10, '2025-11-14', 8, 'worked', NULL),
  (10, '2025-11-15', 7.5, 'worked', NULL),
  (10, '2025-11-17', 8, 'worked', NULL),
  (10, '2025-11-18', 8, 'worked', NULL),
  (10, '2025-11-19', 8, 'worked', NULL),
  (10, '2025-11-20', 8, 'worked', NULL),
  (10, '2025-11-21', 8, 'worked', NULL),
  (10, '2025-11-22', 8, 'worked', NULL),
  (10, '2025-11-24', 8, 'worked', NULL),
  (10, '2025-11-25', 8, 'worked', NULL),
  (10, '2025-11-26', 8, 'worked', NULL),
  (10, '2025-11-27', 8, 'worked', NULL),
  (10, '2025-11-28', 8, 'worked', NULL),
  (10, '2025-11-29', 8, 'worked', NULL),
  (10, '2025-12-01', 0, 'worked', NULL),
  (10, '2025-12-02', 8, 'worked', NULL),
  (10, '2025-12-03', 8, 'worked', NULL),
  (10, '2025-12-04', 8, 'worked', NULL),
  (10, '2025-12-05', 8, 'worked', NULL),
  (10, '2025-12-06', 8, 'worked', NULL),
  (10, '2025-12-08', 8, 'worked', NULL),
  (10, '2025-12-09', 8, 'worked', NULL),
  (10, '2025-12-10', 8, 'worked', NULL),
  (10, '2025-12-11', 8, 'worked', NULL),
  (10, '2025-12-12', 8, 'worked', NULL),
  (10, '2025-12-13', 9, 'worked', NULL),
  (10, '2025-12-15', 8, 'worked', NULL),
  (10, '2025-12-16', 8, 'worked', NULL),
  (10, '2025-12-17', 7, 'worked', NULL),
  (10, '2025-12-18', 8, 'worked', NULL),
  (10, '2025-12-19', 8, 'worked', NULL),
  (10, '2025-12-20', 8, 'worked', NULL),
  (10, '2025-12-22', 8, 'worked', NULL),
  (10, '2025-12-23', 8, 'worked', NULL),
  (10, '2025-12-24', 8, 'worked', NULL),
  (10, '2025-12-25', 9, 'worked', NULL),
  (10, '2025-12-26', 8, 'worked', NULL),
  (10, '2025-12-27', 8, 'worked', NULL),
  (10, '2025-12-29', 8, 'worked', NULL),
  (10, '2025-12-30', 8, 'worked', NULL),
  (10, '2025-12-31', 8, 'worked', NULL),
  (10, '2026-01-02', 8, 'worked', NULL),
  (10, '2026-01-03', 8, 'worked', NULL),
  (10, '2026-01-05', 8, 'worked', NULL),
  (10, '2026-01-06', 8, 'worked', NULL),
  (10, '2026-01-07', 8, 'worked', NULL),
  (10, '2026-01-08', 8, 'worked', NULL),
  (10, '2026-01-09', 8, 'worked', NULL),
  (10, '2026-01-10', 8, 'worked', NULL),
  (10, '2026-01-11', 0, 'worked', NULL),
  (10, '2026-01-12', 8, 'worked', NULL),
  (10, '2026-01-13', 8, 'worked', NULL),
  (10, '2026-01-14', 8, 'worked', NULL),
  (10, '2026-01-15', 8, 'worked', NULL),
  (10, '2026-01-16', 8, 'worked', NULL),
  (10, '2026-01-17', 8, 'worked', NULL),
  (10, '2026-01-19', 8, 'worked', NULL),
  (10, '2026-01-20', 8, 'worked', NULL),
  (10, '2026-01-21', 8, 'worked', NULL),
  (10, '2026-01-22', 8, 'worked', NULL),
  (10, '2026-01-23', 8, 'worked', NULL),
  (10, '2026-01-24', 8, 'worked', NULL),
  (10, '2026-01-26', 8, 'worked', NULL),
  (10, '2026-01-27', 8, 'worked', NULL),
  (10, '2026-01-28', 8, 'worked', NULL),
  (10, '2026-01-29', 8, 'worked', NULL),
  (10, '2026-01-30', 8, 'worked', NULL),
  (10, '2026-01-31', 8, 'worked', NULL),
  (10, '2026-02-02', NULL, 'leave', NULL),
  (10, '2026-02-03', NULL, 'leave', NULL),
  (10, '2026-02-04', NULL, 'leave', NULL),
  (10, '2026-02-05', NULL, 'leave', NULL),
  (10, '2026-02-06', NULL, 'leave', NULL),
  (10, '2026-02-07', NULL, 'leave', NULL),
  (10, '2026-02-26', NULL, 'leave', NULL),
  (10, '2026-02-27', NULL, 'leave', NULL),
  (10, '2026-02-28', 8, 'worked', NULL),
  (10, '2026-03-02', 8, 'worked', NULL),
  (10, '2026-03-03', 9, 'worked', NULL),
  (10, '2026-03-04', 8, 'worked', NULL),
  (10, '2026-03-05', 8, 'worked', NULL),
  (10, '2026-03-06', 8, 'worked', NULL),
  (10, '2026-03-07', 8, 'worked', NULL),
  (10, '2026-03-09', 8, 'worked', NULL),
  (10, '2026-03-10', 8, 'worked', NULL),
  (10, '2026-03-11', 8, 'worked', NULL),
  (10, '2026-03-12', 8, 'worked', NULL),
  (10, '2026-03-13', 8, 'worked', NULL),
  (10, '2026-03-14', 8, 'worked', NULL),
  (10, '2026-03-16', 8, 'worked', NULL),
  (10, '2026-03-17', 8, 'worked', NULL),
  (10, '2026-03-18', 8, 'worked', NULL),
  (10, '2026-03-19', 8, 'worked', NULL),
  (10, '2026-03-20', 8, 'worked', NULL),
  (10, '2026-03-21', 8, 'worked', NULL),
  (10, '2026-03-23', 8, 'worked', NULL),
  (10, '2026-03-24', 8, 'worked', NULL),
  (10, '2026-03-25', 8, 'worked', NULL),
  (10, '2026-03-26', 8, 'worked', NULL),
  (10, '2026-03-27', 8, 'worked', NULL),
  (10, '2026-03-28', 8, 'worked', NULL),
  (10, '2026-03-30', 8, 'worked', NULL),
  (10, '2026-03-31', 8, 'worked', NULL),
  (10, '2026-04-01', 8, 'worked', NULL),
  (10, '2026-04-02', 7, 'worked', NULL),
  (10, '2026-04-03', 8, 'worked', NULL),
  (10, '2026-04-04', 8, 'worked', NULL),
  (10, '2026-04-07', 8, 'worked', NULL),
  (10, '2026-04-08', 4.5, 'worked', NULL),
  (10, '2026-04-09', 8, 'worked', NULL),
  (10, '2026-04-10', 8, 'worked', NULL),
  (10, '2026-04-11', 9, 'worked', NULL),
  (10, '2026-04-13', 8, 'worked', NULL),
  (10, '2026-04-14', 8, 'worked', NULL),
  (10, '2026-04-15', 8, 'worked', NULL),
  (10, '2026-04-16', 8, 'worked', NULL),
  (10, '2026-04-17', 8, 'worked', NULL),
  (10, '2026-04-18', 8, 'worked', NULL),
  (10, '2026-04-20', 8, 'worked', NULL),
  (10, '2026-04-21', 8, 'worked', NULL),
  (10, '2026-04-22', 8, 'worked', NULL),
  (10, '2026-04-23', 8, 'worked', NULL),
  (10, '2026-04-24', 8, 'worked', NULL),
  (10, '2026-04-25', 8, 'worked', NULL),
  (10, '2026-04-27', 9, 'worked', NULL),
  (10, '2026-04-28', 8, 'worked', NULL),
  (10, '2026-04-29', 8, 'worked', NULL),
  (10, '2026-04-30', 8, 'worked', NULL),
  (10, '2026-05-07', 8, 'worked', NULL),
  (10, '2026-05-08', 4.5, 'worked', NULL),
  (10, '2026-05-09', 8, 'worked', NULL),
  (10, '2026-05-10', 8, 'worked', NULL),
  (10, '2026-05-11', 9, 'worked', NULL),
  (10, '2026-05-13', 8, 'worked', NULL),
  (10, '2026-05-14', 8, 'worked', NULL),
  (10, '2026-05-15', 8, 'worked', NULL),
  (10, '2026-05-16', 8, 'worked', NULL),
  (10, '2026-05-17', 8, 'worked', NULL),
  (10, '2026-05-18', 8, 'worked', NULL),
  (10, '2026-05-20', 8, 'worked', NULL),
  (10, '2026-05-21', 8, 'worked', NULL),
  (10, '2026-05-22', 8, 'worked', NULL),
  (10, '2026-05-23', 8, 'worked', NULL),
  (10, '2026-05-24', 8, 'worked', NULL),
  (10, '2026-05-25', 8, 'worked', NULL),
  (10, '2026-05-27', 9, 'worked', NULL),
  (10, '2026-05-28', 8, 'worked', NULL),
  (10, '2026-05-29', 8, 'worked', NULL),
  (10, '2026-05-30', 8, 'worked', NULL),
  (11, '2024-03-11', 8, 'worked', NULL),
  (11, '2024-03-12', 8, 'worked', NULL),
  (11, '2024-03-13', 8, 'worked', NULL),
  (11, '2024-03-14', 8, 'worked', NULL),
  (11, '2024-03-15', 8, 'worked', NULL),
  (11, '2024-03-16', 8, 'worked', NULL),
  (11, '2024-03-18', 8, 'worked', NULL),
  (11, '2024-03-19', 8, 'worked', NULL),
  (11, '2024-03-20', 8, 'worked', NULL),
  (11, '2024-03-21', 8, 'worked', NULL),
  (11, '2024-03-22', 8, 'worked', NULL),
  (11, '2024-03-23', 8, 'worked', NULL),
  (11, '2024-03-25', 8, 'worked', NULL),
  (11, '2024-03-26', 8, 'worked', NULL),
  (11, '2024-03-27', 8, 'worked', NULL),
  (11, '2024-03-28', 8, 'worked', NULL),
  (11, '2024-03-29', NULL, 'leave', NULL),
  (11, '2024-03-30', 8, 'worked', NULL),
  (11, '2024-06-01', 8, 'worked', NULL),
  (11, '2024-06-03', 8, 'worked', NULL),
  (11, '2024-06-04', 8, 'worked', NULL),
  (11, '2024-06-05', 8, 'worked', NULL),
  (11, '2024-06-06', 8, 'worked', NULL),
  (11, '2024-06-07', 8, 'worked', NULL),
  (11, '2024-06-08', 8, 'worked', NULL),
  (11, '2024-06-11', 8, 'worked', NULL),
  (11, '2024-06-12', 8, 'worked', NULL),
  (11, '2024-06-13', 8, 'worked', NULL),
  (11, '2024-06-14', 8, 'worked', NULL),
  (11, '2024-06-15', 8, 'worked', NULL),
  (11, '2024-06-17', 8, 'worked', NULL),
  (11, '2024-06-18', 8, 'worked', NULL),
  (11, '2024-06-19', 8, 'worked', NULL),
  (11, '2024-06-20', 8, 'worked', NULL),
  (11, '2024-06-21', 8, 'worked', NULL),
  (11, '2024-06-22', 3.5, 'worked', NULL),
  (11, '2024-06-24', 8, 'worked', NULL),
  (11, '2024-06-25', 8, 'worked', NULL),
  (11, '2024-06-26', 8, 'worked', NULL),
  (11, '2024-06-27', 8, 'worked', NULL),
  (11, '2024-06-28', 8, 'worked', NULL),
  (11, '2024-06-29', 8, 'worked', NULL),
  (11, '2024-07-01', 8, 'worked', NULL),
  (11, '2024-07-02', 8, 'worked', NULL),
  (11, '2024-07-03', 8, 'worked', NULL),
  (11, '2024-07-04', NULL, 'leave', NULL),
  (11, '2024-07-05', 8, 'worked', NULL),
  (11, '2024-07-06', 8, 'worked', NULL),
  (11, '2024-07-08', 8, 'worked', NULL),
  (11, '2024-07-09', 8, 'worked', NULL),
  (11, '2024-07-10', 8, 'worked', NULL),
  (11, '2024-07-11', 8, 'worked', NULL),
  (11, '2024-07-12', 8, 'worked', NULL),
  (11, '2024-07-13', 8, 'worked', NULL),
  (11, '2024-07-15', 8, 'worked', NULL),
  (11, '2024-07-16', 8, 'worked', NULL),
  (11, '2024-07-17', 8, 'worked', NULL),
  (11, '2024-07-18', 8, 'worked', NULL),
  (11, '2024-07-19', 8, 'worked', NULL),
  (11, '2024-07-20', 8, 'worked', NULL),
  (11, '2024-07-22', 8, 'worked', NULL),
  (11, '2024-07-23', 8, 'worked', NULL),
  (11, '2024-07-24', 2.5, 'worked', NULL),
  (11, '2024-07-25', 8, 'worked', NULL),
  (11, '2024-07-26', 8, 'worked', NULL),
  (11, '2024-07-27', 8, 'worked', NULL),
  (11, '2024-07-29', 8, 'worked', NULL),
  (11, '2024-07-30', 8, 'worked', NULL),
  (11, '2024-07-31', 8, 'worked', NULL),
  (11, '2023-04-01', 8, 'worked', NULL),
  (11, '2023-04-02', 8, 'worked', NULL),
  (11, '2023-04-03', 8, 'worked', NULL),
  (11, '2023-04-04', 8, 'worked', NULL),
  (11, '2023-04-05', 8, 'worked', NULL),
  (11, '2023-04-07', 8, 'worked', NULL),
  (11, '2023-04-08', 8, 'worked', NULL),
  (11, '2023-04-09', 8, 'worked', NULL),
  (11, '2023-04-10', 8, 'worked', NULL),
  (11, '2023-04-11', 8, 'worked', NULL),
  (11, '2023-04-12', 8, 'worked', NULL),
  (11, '2023-04-14', 8, 'worked', NULL),
  (11, '2023-04-15', 8, 'worked', NULL),
  (11, '2023-04-16', 8, 'worked', NULL),
  (11, '2023-04-17', 8, 'worked', NULL),
  (11, '2023-04-18', 8, 'worked', NULL),
  (11, '2023-04-19', 8, 'worked', NULL),
  (11, '2023-04-20', 8, 'worked', NULL),
  (11, '2023-04-22', 8, 'worked', NULL),
  (11, '2023-04-23', 8, 'worked', NULL),
  (11, '2023-04-24', 8, 'worked', NULL),
  (11, '2023-04-25', 8, 'worked', NULL),
  (11, '2023-04-26', 8, 'worked', NULL),
  (11, '2023-04-27', 8, 'worked', NULL),
  (11, '2023-04-29', 8, 'worked', NULL),
  (11, '2023-04-30', 8, 'worked', NULL),
  (11, '2024-04-01', NULL, 'leave', NULL),
  (11, '2024-04-02', 8, 'worked', NULL),
  (11, '2024-04-03', 8, 'worked', NULL),
  (11, '2024-04-04', NULL, 'holiday', NULL),
  (11, '2024-04-05', NULL, 'holiday', NULL),
  (11, '2024-04-06', NULL, 'holiday', NULL),
  (11, '2024-04-07', 8, 'worked', NULL),
  (11, '2024-04-08', 8, 'worked', NULL),
  (11, '2024-04-09', 8, 'worked', NULL),
  (11, '2024-04-10', 8, 'worked', NULL),
  (11, '2024-04-11', 8, 'worked', NULL),
  (11, '2024-04-12', 8, 'worked', NULL),
  (11, '2024-04-13', 8, 'worked', NULL),
  (11, '2024-04-14', 0, 'worked', NULL),
  (11, '2024-04-15', NULL, 'leave', NULL),
  (11, '2024-04-16', 8, 'worked', NULL),
  (11, '2024-04-17', 8, 'worked', NULL),
  (11, '2024-04-18', 4, 'worked', NULL),
  (11, '2024-04-19', 8, 'worked', NULL),
  (11, '2024-04-20', 8, 'worked', NULL),
  (11, '2024-04-21', 0, 'worked', NULL),
  (11, '2024-04-22', 8, 'worked', NULL),
  (11, '2024-04-23', 8, 'worked', NULL),
  (11, '2024-04-24', 8, 'worked', NULL),
  (11, '2024-04-25', 8, 'worked', NULL),
  (11, '2024-04-26', 8, 'worked', NULL),
  (11, '2024-04-27', 8, 'worked', NULL),
  (11, '2024-04-29', 8, 'worked', NULL),
  (11, '2024-04-30', 8, 'worked', NULL),
  (11, '2024-05-04', 3, 'worked', NULL),
  (11, '2024-05-06', 8, 'worked', NULL),
  (11, '2024-05-07', 8, 'worked', NULL),
  (11, '2024-05-08', 8, 'worked', NULL),
  (11, '2024-05-09', 8, 'worked', NULL),
  (11, '2024-05-10', 8, 'worked', NULL),
  (11, '2024-05-11', 8, 'worked', NULL),
  (11, '2024-05-13', 8, 'worked', NULL),
  (11, '2024-05-14', 8, 'worked', NULL),
  (11, '2024-05-15', 8, 'worked', NULL),
  (11, '2024-05-16', 8, 'worked', NULL),
  (11, '2024-05-17', 8, 'worked', NULL),
  (11, '2024-05-18', 8, 'worked', NULL),
  (11, '2024-05-20', 8, 'worked', NULL),
  (11, '2024-05-21', 8, 'worked', NULL),
  (11, '2024-05-22', 8, 'worked', NULL),
  (11, '2024-05-23', 8, 'worked', NULL),
  (11, '2024-05-24', 8, 'worked', NULL),
  (11, '2024-05-25', 8, 'worked', NULL),
  (11, '2024-05-27', 8, 'worked', NULL),
  (11, '2024-05-28', 8, 'worked', NULL),
  (11, '2024-05-29', 8, 'worked', NULL),
  (11, '2024-05-30', 8, 'worked', NULL),
  (11, '2024-05-31', 8, 'worked', NULL),
  (11, '2024-08-01', 8, 'worked', NULL),
  (11, '2024-08-02', 8, 'worked', NULL),
  (11, '2024-08-03', 8, 'worked', NULL),
  (11, '2024-08-04', 0, 'worked', NULL),
  (11, '2024-08-05', 8, 'worked', NULL),
  (11, '2024-08-06', 8, 'worked', NULL),
  (11, '2024-08-07', 8, 'worked', NULL),
  (11, '2024-08-08', NULL, 'leave', NULL),
  (11, '2024-08-09', NULL, 'leave', NULL),
  (11, '2024-08-10', 8, 'worked', NULL),
  (11, '2024-08-12', 8, 'worked', NULL),
  (11, '2024-08-13', 8, 'worked', NULL),
  (11, '2024-08-14', 8, 'worked', NULL),
  (11, '2024-08-15', 8, 'worked', NULL),
  (11, '2024-08-16', 8, 'worked', NULL),
  (11, '2024-08-17', 8, 'worked', NULL),
  (11, '2024-08-19', 8, 'worked', NULL),
  (11, '2024-08-20', 8, 'worked', NULL),
  (11, '2024-08-21', 8, 'worked', NULL),
  (11, '2024-08-22', 8, 'worked', NULL),
  (11, '2024-08-23', 8, 'worked', NULL),
  (11, '2024-08-24', 8, 'worked', NULL),
  (11, '2024-08-26', 8, 'worked', NULL),
  (11, '2024-08-27', 8, 'worked', NULL),
  (11, '2024-08-28', 8, 'worked', NULL),
  (11, '2024-08-29', 8, 'worked', NULL),
  (11, '2024-08-30', 4, 'worked', NULL),
  (11, '2024-08-31', 8, 'worked', NULL),
  (11, '2024-09-02', 8, 'worked', NULL),
  (11, '2024-09-03', 8, 'worked', NULL),
  (11, '2024-09-04', 8, 'worked', NULL),
  (11, '2024-09-05', 8, 'worked', NULL),
  (11, '2024-09-06', 8, 'worked', NULL),
  (11, '2024-09-07', 8, 'worked', NULL),
  (11, '2024-09-09', 8, 'worked', NULL),
  (11, '2024-09-10', 8, 'worked', NULL),
  (11, '2024-09-11', 8, 'worked', NULL),
  (11, '2024-09-12', 8, 'worked', NULL),
  (11, '2024-09-13', 7, 'worked', NULL),
  (11, '2024-09-14', 8, 'worked', NULL),
  (11, '2024-09-15', NULL, 'holiday', NULL),
  (11, '2024-09-16', NULL, 'holiday', NULL),
  (11, '2024-09-17', NULL, 'holiday', NULL),
  (11, '2024-09-18', 8, 'worked', NULL),
  (11, '2024-09-19', 8, 'worked', NULL),
  (11, '2024-09-20', 8, 'worked', NULL),
  (11, '2024-09-21', 8, 'worked', NULL),
  (11, '2024-09-23', 8, 'worked', NULL),
  (11, '2024-09-24', 8, 'worked', NULL),
  (11, '2024-09-25', 8, 'worked', NULL),
  (11, '2024-09-26', 8, 'worked', NULL),
  (11, '2024-09-27', 8, 'worked', NULL),
  (11, '2024-09-29', 8, 'worked', NULL),
  (11, '2024-09-30', 8, 'worked', NULL),
  (11, '2024-10-06', 8, 'worked', NULL),
  (11, '2024-10-07', 8, 'worked', NULL),
  (11, '2024-10-08', 8, 'worked', NULL),
  (11, '2024-10-09', 8, 'worked', NULL),
  (11, '2024-10-10', 8, 'worked', NULL),
  (11, '2024-10-11', 8, 'worked', NULL),
  (11, '2024-10-12', 8, 'worked', NULL),
  (11, '2024-10-14', 8, 'worked', NULL),
  (11, '2024-10-15', 8, 'worked', NULL),
  (11, '2024-10-16', 8, 'worked', NULL),
  (11, '2024-10-17', 8, 'worked', NULL),
  (11, '2024-10-18', 8, 'worked', NULL),
  (11, '2024-10-19', 2, 'worked', NULL),
  (11, '2024-10-21', 8, 'worked', NULL),
  (11, '2024-10-22', 8, 'worked', NULL),
  (11, '2024-10-23', 8, 'worked', NULL),
  (11, '2024-10-24', 8, 'worked', NULL),
  (11, '2024-10-25', 8, 'worked', NULL),
  (11, '2024-10-26', 8, 'worked', NULL),
  (11, '2024-10-28', 8, 'worked', NULL),
  (11, '2024-10-29', 8, 'worked', NULL),
  (11, '2024-10-30', 5.5, 'worked', NULL),
  (11, '2024-10-31', 8, 'worked', NULL),
  (11, '2024-11-01', 8, 'worked', NULL),
  (11, '2024-11-02', 8, 'worked', NULL),
  (11, '2024-11-04', 8, 'worked', NULL),
  (11, '2024-11-05', 8, 'worked', NULL),
  (11, '2024-11-06', 8, 'worked', NULL),
  (11, '2024-11-07', 8, 'worked', NULL),
  (11, '2024-11-08', 8, 'worked', NULL),
  (11, '2024-11-09', 8, 'worked', NULL),
  (11, '2024-11-11', 8, 'worked', NULL),
  (11, '2024-11-12', 8, 'worked', NULL),
  (11, '2024-11-13', 8, 'worked', NULL),
  (11, '2024-11-14', 8, 'worked', NULL),
  (11, '2024-11-15', 8, 'worked', NULL),
  (11, '2024-11-16', 8, 'worked', NULL),
  (11, '2024-11-18', 7.5, 'worked', NULL),
  (11, '2024-11-19', 8, 'worked', NULL),
  (11, '2024-11-20', 8, 'worked', NULL),
  (11, '2024-11-21', 8, 'worked', NULL),
  (11, '2024-11-22', 8, 'worked', NULL),
  (11, '2024-11-23', 3.5, 'worked', NULL),
  (11, '2024-11-25', 8, 'worked', NULL),
  (11, '2024-11-26', 8, 'worked', NULL),
  (11, '2024-11-27', 8, 'worked', NULL),
  (11, '2024-11-28', 8, 'worked', NULL),
  (11, '2024-11-29', 8, 'worked', NULL),
  (11, '2024-11-30', 8, 'worked', NULL),
  (11, '2024-12-02', 8, 'worked', NULL),
  (11, '2024-12-03', 8, 'worked', NULL),
  (11, '2024-12-04', 8, 'worked', NULL),
  (11, '2024-12-05', 8, 'worked', NULL),
  (11, '2024-12-06', 8, 'worked', NULL),
  (11, '2024-12-07', 8, 'worked', NULL),
  (11, '2024-12-09', 8, 'worked', NULL),
  (11, '2024-12-10', 8, 'worked', NULL),
  (11, '2024-12-11', NULL, 'leave', NULL),
  (11, '2024-12-12', 8, 'worked', NULL),
  (11, '2024-12-13', 8, 'worked', NULL),
  (11, '2024-12-14', 8, 'worked', NULL),
  (11, '2024-12-16', 8, 'worked', NULL),
  (11, '2024-12-17', 3.5, 'worked', NULL),
  (11, '2024-12-18', 8, 'worked', NULL),
  (11, '2024-12-19', 6.5, 'worked', NULL),
  (11, '2024-12-20', 8, 'worked', NULL),
  (11, '2024-12-21', 8, 'worked', NULL),
  (11, '2024-12-23', 8, 'worked', NULL),
  (11, '2024-12-24', 8, 'worked', NULL),
  (11, '2024-12-25', 8, 'worked', NULL),
  (11, '2024-12-26', NULL, 'leave', NULL),
  (11, '2024-12-27', NULL, 'leave', NULL),
  (11, '2024-12-28', 8, 'worked', NULL),
  (11, '2024-12-30', 8, 'worked', NULL),
  (11, '2024-12-31', 8, 'worked', NULL),
  (11, '2025-01-02', 8, 'worked', NULL),
  (11, '2025-01-03', 8, 'worked', NULL),
  (11, '2025-01-04', 8, 'worked', NULL),
  (11, '2025-01-06', 8, 'worked', NULL),
  (11, '2025-01-07', 8, 'worked', NULL),
  (11, '2025-01-08', 8, 'worked', NULL),
  (11, '2025-01-09', 8, 'worked', NULL),
  (11, '2025-01-10', 8, 'worked', NULL),
  (11, '2025-01-11', 8, 'worked', NULL),
  (11, '2025-01-13', 8, 'worked', NULL),
  (11, '2025-01-14', 8, 'worked', NULL),
  (11, '2025-01-15', 8, 'worked', NULL),
  (11, '2025-01-16', 8, 'worked', NULL),
  (11, '2025-01-17', 8, 'worked', NULL),
  (11, '2025-01-18', 8, 'worked', NULL),
  (11, '2025-02-10', 8, 'worked', NULL),
  (11, '2025-02-11', 8, 'worked', NULL),
  (11, '2025-02-12', 8, 'worked', NULL),
  (11, '2025-02-13', 8, 'worked', NULL),
  (11, '2025-02-14', 8, 'worked', NULL),
  (11, '2025-02-15', 8, 'worked', NULL),
  (11, '2025-02-17', 8, 'worked', NULL),
  (11, '2025-02-18', 8, 'worked', NULL),
  (11, '2025-02-19', 8, 'worked', NULL),
  (11, '2025-02-20', 8, 'worked', NULL),
  (11, '2025-02-21', 8, 'worked', NULL),
  (11, '2025-02-22', 6, 'worked', NULL),
  (11, '2025-02-24', 8, 'worked', NULL),
  (11, '2025-02-25', 8, 'worked', NULL),
  (11, '2025-02-26', 8, 'worked', NULL),
  (11, '2025-02-27', 8, 'worked', NULL),
  (11, '2025-02-28', 8, 'worked', NULL),
  (11, '2025-03-01', 8, 'worked', NULL),
  (11, '2025-03-03', 8, 'worked', NULL),
  (11, '2025-03-04', 8, 'worked', NULL),
  (11, '2025-03-05', 8, 'worked', NULL),
  (11, '2025-03-06', 8, 'worked', NULL),
  (11, '2025-03-07', 8, 'worked', NULL),
  (11, '2025-03-08', 8, 'worked', NULL),
  (11, '2025-03-10', 8, 'worked', NULL),
  (11, '2025-03-11', 8, 'worked', NULL),
  (11, '2025-03-12', 8, 'worked', NULL),
  (11, '2025-03-13', 8, 'worked', NULL),
  (11, '2025-03-14', 8, 'worked', NULL),
  (11, '2025-03-15', 8, 'worked', NULL),
  (11, '2025-03-17', 8, 'worked', NULL),
  (11, '2025-03-18', 8, 'worked', NULL),
  (11, '2025-03-19', 8, 'worked', NULL),
  (11, '2025-03-20', 8, 'worked', NULL),
  (11, '2025-03-21', 4.5, 'worked', NULL),
  (11, '2025-03-22', 8, 'worked', NULL),
  (11, '2025-03-24', 8, 'worked', NULL),
  (11, '2025-03-25', 8, 'worked', NULL),
  (11, '2025-03-26', 8, 'worked', NULL),
  (11, '2025-03-27', 8, 'worked', NULL),
  (11, '2025-03-28', 8, 'worked', NULL),
  (11, '2025-03-29', 8, 'worked', NULL),
  (11, '2025-03-31', 8, 'worked', NULL),
  (11, '2025-04-01', 8, 'worked', NULL),
  (11, '2025-04-02', 8, 'worked', NULL),
  (11, '2025-04-03', 8, 'worked', NULL),
  (11, '2025-04-07', 8, 'worked', NULL),
  (11, '2025-04-08', 8, 'worked', NULL),
  (11, '2025-04-09', 8, 'worked', NULL),
  (11, '2025-04-10', 8, 'worked', NULL),
  (11, '2025-04-11', 8, 'worked', NULL),
  (11, '2025-04-12', 8, 'worked', NULL),
  (11, '2025-04-14', 8, 'worked', NULL),
  (11, '2025-04-15', 8, 'worked', NULL),
  (11, '2025-04-16', 8, 'worked', NULL),
  (11, '2025-04-17', 8, 'worked', NULL),
  (11, '2025-04-18', 8, 'worked', NULL),
  (11, '2025-04-19', 8, 'worked', NULL),
  (11, '2025-04-21', 8, 'worked', NULL),
  (11, '2025-04-22', 8, 'worked', NULL),
  (11, '2025-04-23', 8, 'worked', NULL),
  (11, '2025-04-24', 8, 'worked', NULL),
  (11, '2025-04-25', 8, 'worked', NULL),
  (11, '2025-04-26', 8, 'worked', NULL),
  (11, '2025-04-28', 8, 'worked', NULL),
  (11, '2025-04-29', 8, 'worked', NULL),
  (11, '2025-04-30', 8, 'worked', NULL),
  (11, '2025-05-05', 8, 'worked', NULL),
  (11, '2025-05-06', 8, 'worked', NULL),
  (11, '2025-05-07', 8, 'worked', NULL),
  (11, '2025-05-08', 8, 'worked', NULL),
  (11, '2025-05-09', 8, 'worked', NULL),
  (11, '2025-05-10', 8, 'worked', NULL),
  (11, '2025-05-12', 8, 'worked', NULL),
  (11, '2025-05-13', 8, 'worked', NULL),
  (11, '2025-05-14', 8, 'worked', NULL),
  (11, '2025-05-15', 4.5, 'worked', NULL),
  (11, '2025-05-16', 8, 'worked', NULL),
  (11, '2025-05-17', 8, 'worked', NULL),
  (11, '2025-05-19', 8, 'worked', NULL),
  (11, '2025-05-20', 8, 'worked', NULL),
  (11, '2025-05-21', 8, 'worked', NULL),
  (11, '2025-05-22', 8, 'worked', NULL),
  (11, '2025-05-23', 8, 'worked', NULL),
  (11, '2025-05-24', 8, 'worked', NULL),
  (11, '2025-05-26', 8, 'worked', NULL),
  (11, '2025-05-27', 8, 'worked', NULL),
  (11, '2025-05-28', 8, 'worked', NULL),
  (11, '2025-05-29', 8, 'worked', NULL),
  (11, '2025-05-30', 8, 'worked', NULL),
  (11, '2025-06-03', 8, 'worked', NULL),
  (11, '2025-06-04', 8, 'worked', NULL),
  (11, '2025-06-05', 8, 'worked', NULL),
  (11, '2025-06-06', 8, 'worked', NULL),
  (11, '2025-06-07', 8, 'worked', NULL),
  (11, '2025-06-09', 8, 'worked', NULL),
  (11, '2025-06-10', 8, 'worked', NULL),
  (11, '2025-06-11', 8, 'worked', NULL),
  (11, '2025-06-12', 8, 'worked', NULL),
  (11, '2025-06-13', 8, 'worked', NULL),
  (11, '2025-06-14', 4.5, 'worked', NULL),
  (11, '2025-06-15', 8, 'worked', NULL),
  (11, '2025-06-16', 8, 'worked', NULL),
  (11, '2025-06-17', 8, 'worked', NULL),
  (11, '2025-06-18', 8, 'worked', NULL),
  (11, '2025-06-19', 8, 'worked', NULL),
  (11, '2025-06-20', 8, 'worked', NULL),
  (11, '2025-06-21', 8, 'worked', NULL),
  (11, '2025-06-23', 8, 'worked', NULL),
  (11, '2025-06-24', 8, 'worked', NULL),
  (11, '2025-06-25', 8, 'worked', NULL),
  (11, '2025-06-26', 8, 'worked', NULL),
  (11, '2025-06-27', 8, 'worked', NULL),
  (11, '2025-06-28', 8, 'worked', NULL),
  (11, '2025-06-30', 8, 'worked', NULL),
  (11, '2025-07-01', 8, 'worked', NULL),
  (11, '2025-07-02', 8, 'worked', NULL),
  (11, '2025-07-03', 8, 'worked', NULL),
  (11, '2025-07-04', 8, 'worked', NULL),
  (11, '2025-07-05', 8, 'worked', NULL),
  (11, '2025-07-07', 8, 'worked', NULL),
  (11, '2025-07-08', 8, 'worked', NULL),
  (11, '2025-07-09', 8, 'worked', NULL),
  (11, '2025-07-10', 8, 'worked', NULL),
  (11, '2025-07-11', 8, 'worked', NULL),
  (11, '2025-07-12', 8, 'worked', NULL),
  (11, '2025-07-14', 8, 'worked', NULL),
  (11, '2025-07-15', 8, 'worked', NULL),
  (11, '2025-07-16', 8, 'worked', NULL),
  (11, '2025-07-17', 8, 'worked', NULL),
  (11, '2025-07-18', 8, 'worked', NULL),
  (11, '2025-07-19', 8, 'worked', NULL),
  (11, '2025-07-21', 8, 'worked', NULL),
  (11, '2025-07-22', 8, 'worked', NULL),
  (11, '2025-07-23', 8, 'worked', NULL),
  (11, '2025-07-24', 8, 'worked', NULL),
  (11, '2025-07-25', 3, 'worked', NULL),
  (11, '2025-07-26', 0, 'worked', NULL),
  (11, '2025-07-27', 0, 'worked', NULL),
  (11, '2025-07-28', 8, 'worked', NULL),
  (11, '2025-07-29', 8, 'worked', NULL),
  (11, '2025-07-30', 8, 'worked', NULL),
  (11, '2025-07-31', 8, 'worked', NULL),
  (11, '2025-08-01', 8, 'worked', NULL),
  (11, '2025-08-02', 8, 'worked', NULL),
  (11, '2025-08-04', 8, 'worked', NULL),
  (11, '2025-08-05', 8, 'worked', NULL),
  (11, '2025-08-06', 0, 'worked', NULL),
  (11, '2025-08-07', 0, 'worked', NULL),
  (11, '2025-08-08', 8, 'worked', NULL),
  (11, '2025-08-09', 8, 'worked', NULL),
  (11, '2025-08-11', 8, 'worked', NULL),
  (11, '2025-08-12', 8, 'worked', NULL),
  (11, '2025-08-13', 3.5, 'worked', NULL),
  (11, '2025-08-14', 0, 'worked', NULL),
  (11, '2025-08-15', 0, 'worked', NULL),
  (11, '2025-08-16', 8, 'worked', NULL),
  (11, '2025-08-18', 8, 'worked', NULL),
  (11, '2025-08-19', 8, 'worked', NULL),
  (11, '2025-08-20', 8, 'worked', NULL),
  (11, '2025-08-21', 8, 'worked', NULL),
  (11, '2025-08-22', 8, 'worked', NULL),
  (11, '2025-08-23', 8, 'worked', NULL),
  (11, '2025-08-25', 8, 'worked', NULL),
  (11, '2025-08-26', 8, 'worked', NULL),
  (11, '2025-08-27', 3.5, 'worked', NULL),
  (11, '2025-08-28', 8, 'worked', NULL),
  (11, '2025-08-29', 8, 'worked', NULL),
  (11, '2025-08-30', 8, 'worked', NULL),
  (11, '2025-09-01', 8, 'worked', NULL),
  (11, '2025-09-02', 8, 'worked', NULL),
  (11, '2025-09-03', 8, 'worked', NULL),
  (11, '2025-09-04', 8, 'worked', NULL),
  (11, '2025-09-05', 8, 'worked', NULL),
  (11, '2025-09-06', 8, 'worked', NULL),
  (11, '2025-09-08', 8, 'worked', NULL),
  (11, '2025-09-09', 8, 'worked', NULL),
  (11, '2025-09-10', 8, 'worked', NULL),
  (11, '2025-09-11', 8, 'worked', NULL),
  (11, '2025-09-12', 8, 'worked', NULL),
  (11, '2025-09-13', 8, 'worked', NULL),
  (11, '2025-09-15', 8, 'worked', NULL),
  (11, '2025-09-16', 8, 'worked', NULL),
  (11, '2025-09-17', 8, 'worked', NULL),
  (11, '2025-09-18', 8, 'worked', NULL),
  (11, '2025-09-19', 8, 'worked', NULL),
  (11, '2025-09-20', 8, 'worked', NULL),
  (11, '2025-09-22', 8, 'worked', NULL),
  (11, '2025-09-23', 8, 'worked', NULL),
  (11, '2025-09-24', NULL, 'custom', '台风'),
  (11, '2025-09-25', 8, 'worked', NULL),
  (11, '2025-09-26', 8, 'worked', NULL),
  (11, '2025-09-27', 8, 'worked', NULL),
  (11, '2025-09-28', NULL, 'leave', NULL),
  (11, '2025-09-29', 8, 'worked', NULL),
  (11, '2025-09-30', 8, 'worked', NULL),
  (11, '2025-10-05', 0, 'worked', NULL),
  (11, '2025-10-06', 0, 'worked', NULL),
  (11, '2025-10-07', 0, 'worked', NULL),
  (11, '2025-10-08', 8, 'worked', NULL),
  (11, '2025-10-09', 8, 'worked', NULL),
  (11, '2025-10-10', 8, 'worked', NULL),
  (11, '2025-10-11', 8, 'worked', NULL),
  (11, '2025-10-12', 8, 'worked', NULL),
  (11, '2025-10-13', 8, 'worked', NULL),
  (11, '2025-10-14', 8, 'worked', NULL),
  (11, '2025-10-15', 8, 'worked', NULL),
  (11, '2025-10-16', 8, 'worked', NULL),
  (11, '2025-10-17', 8, 'worked', NULL),
  (11, '2025-10-18', 8, 'worked', NULL),
  (11, '2025-10-19', 0, 'worked', NULL),
  (11, '2025-10-20', 8, 'worked', NULL),
  (11, '2025-10-21', 8, 'worked', NULL),
  (11, '2025-10-22', 8, 'worked', NULL),
  (11, '2025-10-23', 8, 'worked', NULL),
  (11, '2025-10-24', 8, 'worked', NULL),
  (11, '2025-10-25', 8, 'worked', NULL),
  (11, '2025-10-27', 8, 'worked', NULL),
  (11, '2025-10-28', NULL, 'leave', NULL),
  (11, '2025-10-29', 8, 'worked', NULL),
  (11, '2025-10-30', 8, 'worked', NULL),
  (11, '2025-10-31', 8, 'worked', NULL),
  (11, '2025-11-01', 8, 'worked', NULL),
  (11, '2025-11-03', 8, 'worked', NULL),
  (11, '2025-11-04', 8, 'worked', NULL),
  (11, '2025-11-05', 8, 'worked', NULL),
  (11, '2025-11-06', 8, 'worked', NULL),
  (11, '2025-11-07', 8, 'worked', NULL),
  (11, '2025-11-08', 8, 'worked', NULL),
  (11, '2025-11-10', 8, 'worked', NULL),
  (11, '2025-11-11', 3, 'worked', NULL),
  (11, '2025-11-12', 8, 'worked', NULL),
  (11, '2025-11-13', 8, 'worked', NULL),
  (11, '2025-11-14', 8, 'worked', NULL),
  (11, '2025-11-15', 7.5, 'worked', NULL),
  (11, '2025-11-17', 8, 'worked', NULL),
  (11, '2025-11-18', 8, 'worked', NULL),
  (11, '2025-11-19', 8, 'worked', NULL),
  (11, '2025-11-20', 8, 'worked', NULL),
  (11, '2025-11-21', 8, 'worked', NULL),
  (11, '2025-11-22', 8, 'worked', NULL),
  (11, '2025-11-24', 8, 'worked', NULL),
  (11, '2025-11-25', 8, 'worked', NULL),
  (11, '2025-11-26', 8, 'worked', NULL),
  (11, '2025-11-27', 8, 'worked', NULL),
  (11, '2025-11-28', 8, 'worked', NULL),
  (11, '2025-11-29', 8, 'worked', NULL),
  (11, '2025-12-01', 8, 'worked', NULL),
  (11, '2025-12-02', 8, 'worked', NULL),
  (11, '2025-12-03', 8, 'worked', NULL),
  (11, '2025-12-04', 8, 'worked', NULL),
  (11, '2025-12-05', 8, 'worked', NULL),
  (11, '2025-12-06', 8, 'worked', NULL),
  (11, '2025-12-08', 8, 'worked', NULL),
  (11, '2025-12-09', 8, 'worked', NULL),
  (11, '2025-12-10', 8, 'worked', NULL),
  (11, '2025-12-11', 8, 'worked', NULL),
  (11, '2025-12-12', 8, 'worked', NULL),
  (11, '2025-12-13', 4, 'worked', NULL),
  (11, '2025-12-15', 8, 'worked', NULL),
  (11, '2025-12-16', 8, 'worked', NULL),
  (11, '2025-12-17', 7, 'worked', NULL),
  (11, '2025-12-18', 8, 'worked', NULL),
  (11, '2025-12-19', 8, 'worked', NULL),
  (11, '2025-12-20', 8, 'worked', NULL),
  (11, '2025-12-22', 8, 'worked', NULL),
  (11, '2025-12-23', 8, 'worked', NULL),
  (11, '2025-12-24', 8, 'worked', NULL),
  (11, '2025-12-25', NULL, 'leave', NULL),
  (11, '2025-12-26', 8, 'worked', NULL),
  (11, '2025-12-27', 8, 'worked', NULL),
  (11, '2025-12-29', 8, 'worked', NULL),
  (11, '2025-12-30', 8, 'worked', NULL),
  (11, '2025-12-31', 8, 'worked', NULL),
  (11, '2026-01-02', 8, 'worked', NULL),
  (11, '2026-01-03', 8, 'worked', NULL),
  (11, '2026-01-05', 8, 'worked', NULL),
  (11, '2026-01-06', 8, 'worked', NULL),
  (11, '2026-01-07', 8, 'worked', NULL),
  (11, '2026-01-08', 8, 'worked', NULL),
  (11, '2026-01-09', 8, 'worked', NULL),
  (11, '2026-01-10', 8, 'worked', NULL),
  (11, '2026-01-11', 0, 'worked', NULL),
  (11, '2026-01-12', 8, 'worked', NULL),
  (11, '2026-01-13', 8, 'worked', NULL),
  (11, '2026-01-14', 8, 'worked', NULL),
  (11, '2026-01-15', 8, 'worked', NULL),
  (11, '2026-01-16', 8, 'worked', NULL),
  (11, '2026-01-17', 8, 'worked', NULL),
  (11, '2026-01-19', 8, 'worked', NULL),
  (11, '2026-01-20', 8, 'worked', NULL),
  (11, '2026-01-21', 8, 'worked', NULL),
  (11, '2026-01-22', 8, 'worked', NULL),
  (11, '2026-01-23', 8, 'worked', NULL),
  (11, '2026-01-24', 8, 'worked', NULL),
  (11, '2026-01-26', 8, 'worked', NULL),
  (11, '2026-01-27', 8, 'worked', NULL),
  (11, '2026-01-28', 8, 'worked', NULL),
  (11, '2026-01-29', 8, 'worked', NULL),
  (11, '2026-01-30', 8, 'worked', NULL),
  (11, '2026-01-31', 8, 'worked', NULL),
  (11, '2026-02-02', 8, 'worked', NULL),
  (11, '2026-02-03', 8, 'worked', NULL),
  (11, '2026-02-04', 8, 'worked', NULL),
  (11, '2026-02-05', 8, 'worked', NULL),
  (11, '2026-02-06', 8, 'worked', NULL),
  (11, '2026-02-07', NULL, 'leave', NULL),
  (11, '2026-02-26', 8, 'worked', NULL),
  (11, '2026-02-27', 8, 'worked', NULL),
  (11, '2026-02-28', 8, 'worked', NULL),
  (11, '2026-03-02', 8, 'worked', NULL),
  (11, '2026-03-03', 8, 'worked', NULL),
  (11, '2026-03-04', 8, 'worked', NULL),
  (11, '2026-03-05', 8, 'worked', NULL),
  (11, '2026-03-06', 8, 'worked', NULL),
  (11, '2026-03-07', 8, 'worked', NULL),
  (11, '2026-03-09', 8, 'worked', NULL),
  (11, '2026-03-10', 8, 'worked', NULL),
  (11, '2026-03-11', 8, 'worked', NULL),
  (11, '2026-03-12', 8, 'worked', NULL),
  (11, '2026-03-13', 8, 'worked', NULL),
  (11, '2026-03-14', 8, 'worked', NULL),
  (11, '2026-03-16', 8, 'worked', NULL),
  (11, '2026-03-17', 8, 'worked', NULL),
  (11, '2026-03-18', 8, 'worked', NULL),
  (11, '2026-03-19', 8, 'worked', NULL),
  (11, '2026-03-20', 8, 'worked', NULL),
  (11, '2026-03-21', 4.5, 'worked', NULL),
  (11, '2026-03-23', NULL, 'leave', NULL),
  (11, '2026-03-24', 8, 'worked', NULL),
  (11, '2026-03-25', 8, 'worked', NULL),
  (11, '2026-03-26', 8, 'worked', NULL),
  (11, '2026-03-27', 8, 'worked', NULL),
  (11, '2026-03-28', 8, 'worked', NULL),
  (11, '2026-03-30', 4.5, 'worked', NULL),
  (11, '2026-03-31', 8, 'worked', NULL),
  (11, '2026-04-01', 8, 'worked', NULL),
  (11, '2026-04-02', 7, 'worked', NULL),
  (11, '2026-04-03', 8, 'worked', NULL),
  (11, '2026-04-04', 8, 'worked', NULL),
  (11, '2026-04-07', 8, 'worked', NULL),
  (11, '2026-04-08', 8, 'worked', NULL),
  (11, '2026-04-09', 8, 'worked', NULL),
  (11, '2026-04-10', 8, 'worked', NULL),
  (11, '2026-04-11', NULL, 'leave', NULL),
  (11, '2026-04-13', 8, 'worked', NULL),
  (11, '2026-04-14', 8, 'worked', NULL),
  (11, '2026-04-15', 8, 'worked', NULL),
  (11, '2026-04-16', 8, 'worked', NULL),
  (11, '2026-04-17', 8, 'worked', NULL),
  (11, '2026-04-18', 8, 'worked', NULL),
  (11, '2026-04-20', 8, 'worked', NULL),
  (11, '2026-04-21', 8, 'worked', NULL),
  (11, '2026-04-22', 8, 'worked', NULL),
  (11, '2026-04-23', 8, 'worked', NULL),
  (11, '2026-04-24', 8, 'worked', NULL),
  (11, '2026-04-25', 7.5, 'worked', NULL),
  (11, '2026-04-27', NULL, 'leave', NULL),
  (11, '2026-04-28', 8, 'worked', NULL),
  (11, '2026-04-29', 8, 'worked', NULL),
  (11, '2026-04-30', 8, 'worked', NULL),
  (11, '2026-05-07', 8, 'worked', NULL),
  (11, '2026-05-08', 8, 'worked', NULL),
  (11, '2026-05-09', 8, 'worked', NULL),
  (11, '2026-05-10', 8, 'worked', NULL),
  (11, '2026-05-11', NULL, 'leave', NULL),
  (11, '2026-05-13', 8, 'worked', NULL),
  (11, '2026-05-14', 8, 'worked', NULL),
  (11, '2026-05-15', 8, 'worked', NULL),
  (11, '2026-05-16', 8, 'worked', NULL),
  (11, '2026-05-17', 8, 'worked', NULL),
  (11, '2026-05-18', 8, 'worked', NULL),
  (11, '2026-05-20', 8, 'worked', NULL),
  (11, '2026-05-21', 8, 'worked', NULL),
  (11, '2026-05-22', 8, 'worked', NULL),
  (11, '2026-05-23', 8, 'worked', NULL),
  (11, '2026-05-24', 8, 'worked', NULL),
  (11, '2026-05-25', 7.5, 'worked', NULL),
  (11, '2026-05-27', NULL, 'leave', NULL),
  (11, '2026-05-28', 8, 'worked', NULL),
  (11, '2026-05-29', 8, 'worked', NULL),
  (11, '2026-05-30', 8, 'worked', NULL)
;

-- Reset sequences
SELECT setval('work_status_types_id_seq', (SELECT MAX(id) FROM work_status_types));
SELECT setval('positions_id_seq', (SELECT MAX(id) FROM positions));
SELECT setval('employees_id_seq', (SELECT MAX(id) FROM employees));
SELECT setval('hourly_rate_history_id_seq', (SELECT MAX(id) FROM hourly_rate_history));
SELECT setval('attendance_records_id_seq', (SELECT MAX(id) FROM attendance_records));

-- Done. Employees: 11, Attendance records: 2754